sentence,label
"१४९२ में एक चार्टर के आधार पर, उसके पिता ने उसे वाडोविस के उत्तराधिकारी के रूप में छोड़ दिया।",O O O O O O O O O O O B-LOC O O O O O O O
इस विश्वविद्यालय को ओडिशा के नॉलेज हब में से एक कहा जाता है।,O O O B-LOC O O O O O O O O O
"इस तरह का पहला बेड़ा, आर12 , १९४८ में सेवा में लगाया गया था।",O O O O O B-PROD O O O O O O O O
"इस बिंदु पर, वायरल संजीन को अज्ञात तंत्र द्वारा नाभिक में ले जाया जाता है और प्रति सेल १० २०० वायरल जीनोम की एक प्रतिलिपि संख्या पर खुद को स्थापित करता है।",O O O O B-PROD O O O O O O O O O O O O O O O O O O O O O O O O O O O
"ग्वाटेमाला में, कमजोर तूफान ने अत्यधिक वर्षा की जिससे व्यापक बाढ़ आई।",B-LOC O O O O O O O O O O O
जहाजों को किराए पर लेने और प्रबंधित करने के लिए एजेंसी को पहले तीन वर्षों के लिए डोडवेल एंड कंपनी द्वारा सुरक्षित किया गया था।,O O O O O O O O O O O O O O O O O B-CORP I-CORP I-CORP O O O O O
इस्लामिक सहकारिता का संगठन के ५वें महासचिव के रूप में भी कार्य किया।,B-GRP I-GRP I-GRP I-GRP O O O O O O O O O
इसके बाद उन्होंने साहित्यिक समाचार पत्र द्रिता (लाइट) के लिए काम किया।,O O O O O O B-CW O O O O O
वह २००९ में एस्पोर्टे क्लब बाहिया के पेशेवर समूह में शामिल हुए।,O O O B-GRP I-GRP I-GRP O O O O O O
"मोंटागु विलियम विल्बरफोर्स के मित्र और समर्थक थे, और इस प्रकार दास व्यापार के उन्मूलन के पक्षधर थे।",O B-PER I-PER O O O O O O O O O O O O O O O
"आमतौर पर, मैकरोस को १५वीं सदी के विशिष्ट परिधान पहनाए जाते हैं, और वे जिस संस्था का प्रतिनिधित्व करते हैं, उसके हथियारों के कोट के साथ टैबर्ड पहनते हैं।",O O O O O O O O O O O O O O O O O O O O O O O O O O B-PROD O O
पहले और आखिरी वाले बीबीसी द्वारा निर्मित किए गए थे।,O O O O B-CORP O O O O O
इसका वर्णन १९१८ में जॉर्ज फ्रांसिस हैम्पसन द्वारा किया गया था।,O O O O B-PER I-PER I-PER O O O O
तली हुई गेंदों को एक विशेष सांचे में एक टीले में ढेर किया जाता है और गर्म मधु से भीग दिया जाता है।,O O O O O O O O O O O O O O O O O B-PROD O O O O O
१९३७ में उनका अगला क्लब सेंट बर्नार्ड एफ.सी. था।,O O O O O B-GRP I-GRP I-GRP O
"वे टैमनी हॉल के विरोधी थे, जो कि २०वीं सदी की शुरुआत में शहर के राजनीतिक जीवन पर हावी था।",O B-GRP I-GRP O O O O O O O O O O O O O O O O O
"इसे ऑस्ट्रेलियाई रिकॉर्डिंग उद्योग संघ द्वारा ७०,००० से अधिक प्रतियों की बिक्री के लिए प्लेटिनम प्रमाणित किया गया था।",O B-CORP I-CORP I-CORP I-CORP O O O O O O O O O O O O O O
रुसब्रिजर २०१६ की फिल्म स्नोडेन में एक मीटिंग मॉडरेटर के रूप में एक कैमियो भूमिका के साथ दिखाई देते हैं।,O O O O B-CW O O O O O O O O O O O O O O O
हैरिस डेथ रो रिकॉर्ड्स रिकॉर्ड लेबल के सह संस्थापक थे।,O B-CORP I-CORP I-CORP B-CORP I-CORP O O O O
"वह अपनी पत्नी, बेटी और बेटे के साथ दीनिया में रहता है।",O O O O O O O O B-LOC O O O
"ब्रोटिज़ोलम का दुरुपयोग, हालांकि व्यापक नहीं है, १९८० और १९९० के दशक के अंत में हांगकांग में एक समस्या थी।",O O O O O O O O O O O O O O O B-LOC O O O O
"नैनोसाइज्ड सोना, नैनोसिल्वर की तरह, मुंह में बैक्टीरिया कीटाणुरहित करने में प्रभावी माना जाता है और इसे दन्तमंजन में जोड़ा जाता है।",O O O O O O O O O O O O O O O O O B-PROD O O O O
यह एल्बम से जारी किया गया तीसरा एकल था और इसके रिलीज के साथ एक वीडियो संगीत था।,O O O O O O O O O O O O O O O B-CW I-CW O
"इसे संगीत कनाडा द्वारा स्वर्ण प्रमाणित किया गया था, जो देश में ४०,००० से अधिक प्रतियों के शिपमेंट को दर्शाता है।",O B-GRP I-GRP O O O O O O O O O O O O O O O O O O
उन्हें पास के हंटर्स पॉइंट नेवल शिपयार्ड के आसपास लंबी सैर करना पसंद था।,O O O B-CORP I-CORP I-CORP I-CORP O O O O O O O
"उन्होंने इसकी खोजबीन नहीं की, लेकिन जुआन डे फुका का सम्मान करते हुए इसे इसका वर्तमान नाम दिया।",O O O O O O B-PER I-PER I-PER O O O O O O O O O
डाहलग्रेन ने देखा कि मौखिक रूप से लिए गए कुछ समुद्री अर्क त्वचा की संरचना और कार्य को बचाने और पुनर्स्थापित करने में मदद कर सकते हैं।,O O O O O O O O O O O O B-PROD O O O O O O O O O O O O O O
चार्ल्सटन के बाहर एक छोटे से शहर से।,B-LOC O O O O O O O
लेडी एंड द ट्रैम्प . से आवारा चरित्र,B-CW I-CW I-CW I-CW O O O O
उन्होंने फ्रेंकस्टीन अनबाउंड के साथ एक बार फिर निर्देशन में वापसी की।,O B-CW I-CW O O O O O O O O O
क्राइस्ट का समुदाय न तो बहुविवाह की प्रथा का पालन करता है और न ही कभी किया है।,B-GRP I-GRP I-GRP O O O O O O O O O O O O O O O
इसे स्कोपस में अनुक्रमित किया गया था।,O B-CW O O O O O
"दोहराना ट्रे समाजवादी पर टिप्पणी करें? , संस्करण ग्रासेट , २००३",O O O O O O O B-CORP I-CORP O O
"बाद में, उन्हें ब्रुग्ज का सैन्य और नागरिक गवर्नर बनाया गया।",O O O B-LOC O O O O O O O
"प्रतियोगिता आयोजक के नियमों के तहत, यूरोपीय रग्बी कप , प्रत्येक पूल के भीतर टाईब्रेकर इस प्रकार हैं।",O O O O O O B-CORP I-CORP I-CORP O O O O O O O O O
"कैरल क्वीन (उभयलिंगी लेखक, संपादक, समाजशास्त्री और सेक्सोलॉजिस्ट)",B-PER I-PER O O O O O O
फ्रांसीसी ओपेरा संगीतकारों ने भी इस विषय का इलाज किया था: यह जीन-फिलिप रमेउ लेस फेट्स डी पॉलीमनी में दूसरे प्रवेश द्वार की साजिश का निर्माण करता है।,O O O O O O O O O O O O B-PER I-PER B-CW I-CW I-CW I-CW O O O O O O O O O O
"जैसा कि पिछले वाक्य में बताया गया है, डाउनटाउन क्षेत्र एक शहरी गर्मी द्वीप (यूएचआई) बिल्ड अप प्रदर्शित करता है जो विशेष रूप से गर्मी की रातों की उमस को बढ़ा सकता है।",O O O O O O O O O O O B-LOC I-LOC I-LOC O O O O O O O O O O O O O O O O O O O
"उनके अच्छे फॉर्म ने उन्हें २००० में फैक्ट्री केटीएम टीम में ले जाते हुए देखा, एक ऐसा कदम जिसने उन्हें १२५सीसी विश्व खिताब के लिए चुनौती देने की गति दी।",O O O O O O O O B-CORP O O O O O O O O O O O O O O O O O O O O O
"फिल्म के विभिन्न संस्करण मौजूद हैं, जिनमें से एक सभी पुरुष हैं, सभी नग्न कलाकार हैं, और दूसरा जीका में सभी अभिनेताओं के साथ है।",O O O O O O O O O O O O O O O O O O B-PROD O O O O O O
अब तक के सभी दो विश्व कप थाईलैण्ड ने जीते हैं।,O O O O O O O B-LOC O O O
"१९१९ में, कम्युनिस्ट शासन के कुछ ही महीनों के बाद, हंगेरियन सोवियत गणराज्य एक राष्ट्रवादी प्रतिक्रांति द्वारा भंग कर दिया गया था।",O O O O O O O O O O B-LOC I-LOC I-LOC O O O O O O O O O
उन्होंने १९५३ में फोर स्टार प्लेहाउस के एक एपिसोड में टेलीविजन पर अपना पहला प्रदर्शन किया।,O O O B-CW I-CW I-CW O O O O O O O O O O
इनमें से छह विमान थे।,O O O B-PROD O
"रूकी वापस दौड़ते हुए डुआने थॉमस ८०३ गज (एक ५.१ गज प्रति कैरी औसत) और पांच टचडाउन के लिए १५१ बार पहुंचे, जबकि एक और ४१६ गज की वापसी किकऑफ जोड़ते हुए।",O O O O B-PER I-PER O O O O O O O O O O O O O O O O O O O O O O O O O O
यह ए सदस्यों द्वारा प्रस्तुत सात क्षेत्रीय तीसरे कार्यक्रमों में से एक है।,O B-GRP O O O O O O O O O O O
इसका गठन २०१४ में स्टार एम्पायर एंटरटेनमेंट द्वारा किया गया था।,O O O O B-CORP I-CORP I-CORP O O O O
पास्ता को मेज़ क्षुधावर्धक के रूप में भी परोसा जा सकता है।,O O B-PROD O O O O O O O O O
इसे आमतौर पर रेंटर के बीमा या रेंटर के कवरेज के रूप में संदर्भित किया जाता है।,O O O O O B-PROD O O O O O O O O O O O
"इसके अधिक विस्तृत बहुभुज मॉडल के साथ, यह अपने पिछले पांच वर्षों के सेगा पत्रिका का सपना पर दृष्टिगत रूप से अधिक परिष्कृत है।",O O O O O O O O O O O O O B-CORP B-PROD I-PROD I-PROD O O O O O O O
प्रदर्शन,B-CW
"८० (फरवरी १९६९) में एक उपस्थिति के बाद, उन्हें मई - जून १९६९ से शुरू होकर एक और श्रृंखला मिली जो फरवरी - मार्च १९७६ तक चली।",O O O O O O O O O O O O O O O O O O O O O O O O O O O
प्रचार और सहायता family farming में की गई है।,O O O B-CORP I-CORP O O O O
यह कनेल विभाग की राजधानी है।,O B-LOC I-LOC O O O
बुकमैन ने १९६१ में अपनी सेवानिवृत्ति तक २३ वर्षों तक मोरल री-आर्ममेंट का नेतृत्व किया।,O O O O O O O O O O B-GRP I-GRP O O O
"हालांकि, एवरेट छह महीने बाद लौटे, हालांकि, १९६६ में रेडियो लक्ज़मबर्ग द्वारा अपना खुद का शो दिए जाने से पहले।",O O O O O O O O O B-CORP I-CORP O O O O O O O O O
उसी उदाहरण को बाद में अबेब साक्षर प्रोग्रामिंग टूल के लिए फिर से लिखा गया।,O O O O O B-CW O O O O O O O O O
"२००९ में, वे सीआर वास्को डी गामा पर गए।",O O O B-GRP I-GRP I-GRP I-GRP O O
विविधता ने टिप्पणी की कि यह फिल्म अनौपचारिक है और सस्पेंस पर हल्की है क्योंकि ये केपर्स चलते हैं।,B-CORP O O O O O O O O O O O O O O O O O O
यह अब कुछ प्लास्टर काम के साथ सफेद रंग की ईंट का एक अग्रभाग प्रस्तुत करता है।,O O O B-PROD O O O O O O O O O O O O O
"अगले दिन, एक समान ईमेल सेवा, शांत मंडल ,",O O O O O O B-CORP I-CORP O
"या लेस्को मिर्च, प्याज, टमाटर और मसालों से बना एक स्टू है।",O B-PROD O O O O O O O O O O
"चूंकि धर्मस्थल में कोई कंफ़ेसियनल नहीं हैं, इसलिए स्वीकारोक्ति आमतौर पर खुली हवा में होती है।",O O O O B-PROD O O O O O O O O O O O
"फाइनल राउंड में, वे ३ - १ में चीन की राष्ट्रीय बैडमिंटन टीम से हार गए।",O O O O O O O O B-GRP I-GRP I-GRP I-GRP I-GRP O O O
इसे १९८२ में ऐतिहासिक स्थलों का राष्ट्रीय पंजीकरण पर सूचीबद्ध किया गया था।,O O O B-GRP I-GRP I-GRP I-GRP I-GRP O O O O O
लोकप्रिय टेलीविजन अभिनेत्री दृष्टि धामी गाने के रीमिक्स संस्करण में दिखाई दीं।,O O O B-PER I-PER O O O O O O O
"वह शायद ही कभी एक नेकटाई पहनता है क्योंकि यह सिकुड़ रहा है, और वैकल्पिक टाई मुद्रित कपड़े पहनता है; जब एक प्रतियोगिता में पहना जाता है, तो यह अक्सर ढीला होता है।",O O O O O B-PROD O O O O O O O O O O O O O O O O O O O O O O O O O O O
राजतिलक सड़क एक सप्ताह के विशेष एपिसोड के साथ अपनी ६०वीं वर्षगांठ मना रहा है।,B-CW I-CW O O O O O O O O O O O O O
अन्य युद्ध अनुबंधों में रेमिंगटन आर्म्स और ग्लाइडर टो रिलीज के लिए डाई और पंच शामिल हैं।,O O O O B-CORP I-CORP O O O O O O O O O O O
"वह धार्मिक और पूजनीय थी जोन ऑफ़ आर्क ; एक बच्चे के रूप में, उसने यह भी कल्पना की कि वह एक नायिका थी।",O O O O O B-PER I-PER I-PER O O O O O O O O O O O O O O O O
"उनकी वापसी पर वे प्रिंस विलियम, ड्यूक ऑफ कंबरलैंड के सचिव बने, एक ऐसा पद जो उन्होंने अपने पूरे जीवन के लिए धारण किया।",O O O O B-PER I-PER I-PER I-PER I-PER O O O O O O O O O O O O O O O
"आर्टिस्टडायरेक्ट के साथ एक साक्षात्कार में, जब पूछा गया कि उत्तम दिन के पीछे की कहानी क्या है?",B-CORP O O O O O O O O O O O O O O O O O
"ऐतिहासिक रूप से, हौड या तो आधुनिक हुड के समान थे, या हेडगियर का एक अलग रूप था।",O O O B-PROD O O O O O O O O O O O O O O
उनका भावपूर्ण डेब्यू सिंगल उन्हें ट्रेसी चैपमैन जैसी ही तेज शुरुआत दे सकता है।,O O O O O B-PER I-PER O O O O O O O
"उनकी अधिकांश रचनाएँ अन्य विद्वानों के सहयोग से तैयार की गईं, जैसे कि जोहान कैस्पर वॉन ओरेली , जो उन्हें अपना दाहिना हाथ मानते थे।",O O O O O O O O O O O O O B-PER I-PER I-PER I-PER O O O O O O O O
इसे २००२ में ऐतिहासिक स्थलों का राष्ट्रीय पंजीकरण में जोड़ा गया था।,O O O B-GRP I-GRP I-GRP I-GRP I-GRP O O O O
"१९३३ में, कंपनी ने बैंक मेली ईरान बैंकनोटों की दूसरी श्रृंखला मुद्रित की।",O O O O B-CORP I-CORP I-CORP O O O O O O
"इससे पहले , सर्बिया में १९ से ३५ वर्ष की आयु के सभी पुरुषों के लिए अनिवार्य राष्ट्रीय सेवा थी।",O O O B-LOC O O O O O O O O O O O O O O O O
"द्रू ब्रीज ने अपने १०,१७०वें प्रयास से पास प्रयासों का करियर रिकॉर्ड तोड़ दिया।",B-PER I-PER O O O O O O O O O O O O
इसके कार्यान्वयन की निगरानी बाल अधिकारों पर समिति द्वारा की जाती है।,O O O O B-GRP I-GRP I-GRP I-GRP O O O O
हार्ड ड्राइव में प्लैटर्स की कठोर प्रकृति उन्हें उनका नाम देती है (लचीली सामग्री के विपरीत जो फ्लॉपी डिस्क बनाने के लिए उपयोग की जाती है)।,O O O O O O O O O O O O O O O O O B-PROD I-PROD O O O O O O O
"उन्होंने दो एल्बम रिकॉर्ड किए, दोनों को संगीत निर्माता द्वारा रिलीज़ किया गया, और नब्बे के दशक में होने के बावजूद हर हफ्ते मंच पर प्रदर्शन करना जारी रखा।",O O O O O O O B-CORP I-CORP O O O O O O O O O O O O O O O O O O O O
"टेक्सास की हैंडबुक के अनुसार, २००० में समुदाय की अनुमानित जनसंख्या ७०० थी।",B-CW I-CW I-CW O O O O O O O O O O
ये नाट्य संपत्ति रिहर्सल प्रॉप्स से भिन्न हैं क्योंकि ये केवल प्लेसहोल्डर नहीं हैं बल्कि वास्तविक उत्पादन में उपयोग किए जाने वाले प्रॉप्स हैं।,O B-PROD I-PROD O O O O O O O O O O O O O O O O O O O O O
इसे नक्काशीदार लकड़ी के एक टुकड़े से बनाया गया है।,O O B-PROD O O O O O O O
"फ्यो वाकाशी , विभिन्न मोनोगत्री स्रोतों से कविताओं का एक १३वीं शताब्दी संग्रह, जिनमें से कई अब मौजूद नहीं हैं",B-CW I-CW O O O O O O O O O O O O O O O O O O
सिरेमिक कैपेसिटर में एक मृतिकाशिल्प डाइइलेक्ट्रिक होता है।,O O O O B-PROD O O O
कुछ कुचिफ्रिटोस व्यंजन केला को प्राथमिक सामग्री के रूप में उपयोग करके तैयार किए जाते हैं।,O O O B-PROD O O O O O O O O O O O O
न्यूयॉर्क पब्लिक लाइब्रेरी में सबसे पूर्ण सूची हो सकती है (वर्षों के प्रतिनिधित्व के साथ):,B-GRP I-GRP I-GRP O O O O O O O O O O O O
कार्गो का कुल भार : सिग्नस का उपयोग करना।,O O O O O B-PROD O O O
"प्रांगण एक तीन मंजिला है, प्लास्टर एक सपाट छत के केंद्र में तांबे के गुंबददार घंटाघर के साथ ईंट की संरचना।",O O O O O B-PROD O O O O O O O O O O O O O O O
ब्रूस की गुफा जल मार्ग के दक्षिण की ओर कीर्टल वाटर के ऊपर एक लाल बलुआ पत्थर की चट्टान में स्थित है।,O O O O O O O O O B-LOC I-LOC O O O O O O O O O O O
येशिवा कॉलेज (यशीवा विश्वविद्यालय) . पर एक समलैंगिक क्लब के अस्तित्व पर हमला,B-GRP I-GRP I-GRP I-GRP O O O O O O O O O
लाहर के कागजात लंदन विश्वविद्यालय द्वारा आयोजित किए जाते हैं।,O O O B-GRP I-GRP O O O O O
एनएफबी एनिमेटर रयान लार्किन ने फिल्म के लिए एनिमेटेड दृश्यों को भी डिजाइन किया है।,O O B-PER I-PER O O O O O O O O O O O
"कुछ दिनों के बाद, वह कुछ मील दूर एक गांव पुडलटाउन में चली जाती है।",O O O O O O O O O O B-LOC O O O O
"यह शब्द २००१ में मनोवैज्ञानिक जेम्स सी. कॉफ़मैन द्वारा गढ़ा गया था, और भविष्य के अनुसंधान के लिए निहितार्थ और संभावनाओं पर चर्चा की गई है।",O O O O O B-PER I-PER I-PER O O O O O O O O O O O O O O O O O O
यह गैल्वानी सेल (बैटरी) द्वारा संचालित था।,O B-PROD I-PROD O O O O
"उनका जन्म देहरादून , भारत में हुआ था।",O O B-LOC O B-LOC O O O
"यह अजीब है, सेल्वाडोर दाली , सर्कल को बंद करने में लगभग पूरी तरह से दिलचस्पी नहीं है, और यही इसके पागलपन में सुंदरता है।",O O O B-PER I-PER O O O O O O O O O O O O O O O O O O O O
"रिकॉर्ड ने १९७० के दशक में ब्रंसविक पर समूह की कई हिट फ़िल्में लिखी और बनाईं, साथ ही अन्य कृत्यों के लिए लेखन और निर्माण किया।",O O O O O O B-CORP O O O O O O O O O O O O O O O O O O O
,
"सानिया मिर्ज़ा / महेश भूपति (चैंपियंस, गोल्ड मेडलिस्ट)",B-PER I-PER O B-PER I-PER O O O
वह आम तौर पर एक कंपाउंड कॉम कंपनी छंटनी और बेकार स्टॉक विकल्पों से अपनी कड़वाहट के कारण एक अत्याचारी है।,O O O O O B-CORP I-CORP I-CORP O O O O O O O O O O O O O
"१९७२ से १९७३ तक, वह एनएईएम में रिसर्च फेलो थीं।",O O O O O B-GRP O O O O
गार्डियन ने कॉन्सर्ट को पांच में से चार स्टार दिए।,B-GRP O O O O O O O O O
एनपीआर ने २०१६ में अपना कमेंट सेक्शन बंद कर दिया।,B-CORP O O O O O O O O O
"चूंकि हैश तालिकाएं एक्सेस पैटर्न का कारण बनती हैं जो चारों ओर उछलती हैं, यह सीपीयू कैश मिस को ट्रिगर कर सकता है जो लंबी देरी का कारण बनते हैं।",O O O O O O O O O O O O O O O B-PROD I-PROD O O O O O O O O O O O O O
सोलहवीं सदी के खंडहर महल ।,O O O O B-LOC O
"हॉट आइसोस्टैटिक प्रेसिंग (कूल्हा) एक निर्माण प्रक्रिया है, जिसका उपयोग धातुओं की सरंध्रता को कम करने और कई मृतिकाशिल्प सामग्री के घनत्व को बढ़ाने के लिए किया जाता है।",O O O O O O O O O O O O O O O O O O B-PROD O O O O O O O O O O
सबसे बड़ा और एकमात्र द्वीप हेल्गोया है।,O O O O O B-LOC O
हॉलिस स्टेसी ने निर्धारित पाठ्यक्रम पर २९२ के चार ओवर पार स्कोर के साथ इवेंट जीता।,B-PER I-PER O O O O O O O O O O O O O O
"उसके बाद, २०वीं शताब्दी तक पवन बैंड के लिए कुछ सिम्फनी लिखी गईं, जब पिछली शताब्दियों की तुलना में कॉन्सर्ट बैंड के लिए अधिक सिम्फनी लिखी गईं।",O O O O O O O O O O O O O O O O O O O B-GRP I-GRP O O O O O O
उनके अराजक और ऊर्जावान लाइव प्रदर्शन के कारण उनके रवैये में उनकी तुलना कभी-कभी सेक्स पिस्तौल से की जाती है।,O O O O O O O O O O O O O O B-GRP I-GRP O O O O
"अध्याय ४ एकमात्र ऐसा मुद्दा था जिसे जिंदगी के कवर पर नहीं दिखाया गया था; इसके बजाय, कवर स्टोरी रॉय कैम्पानेला पर थी।",O O O O O O O O O O O O O O O O O O O B-PER I-PER O O
"इन प्रिंटों का एक विशाल संग्रह कांग्रेस के पुस्तकालय द्वारा बनाए रखा जाता है,",O O O O O O B-GRP I-GRP I-GRP O O O O O
"उन्होंने २००५ में खिलौनों का कारखाना पर हस्ताक्षर किए, लेकिन २०१० में लेबल को टियरब्रिज रिकॉर्ड्स / एवेक्स में बदल दिया।",O O O B-CORP I-CORP I-CORP O O O O O O O O O O O O O O O
उनके शुरुआती प्रयासों में से एक पूरी तरह से हर बार एक लूप शामिल था लेस्ली गोर रोना शब्द गाया।,O O O O O O O O O O O O O O O B-PER I-PER O O O
अफिया कंपनी की पहली ब्रांड एंबेसडर हैं जो हिजाब पहनती हैं।,O O O O O O O O B-PROD O O
डीजल लोकोमोटिव द्वारा प्रतिस्थापित किए जाने तक बड़ी संख्या में सेवा में बने रहे।,B-PROD I-PROD O O O O O O O O O O O O
इसे १९७८ में ऐतिहासिक स्थलों का राष्ट्रीय पंजीकरण पर सूचीबद्ध किया गया था।,O O O B-GRP I-GRP I-GRP I-GRP I-GRP O O O O O
एलिस वजन में १३५ पाउंड तक बढ़ गई और एक गैर-शीर्षक लड़ाई में मेगुमी याबुशिता का सामना किया।,O O O O O O O O O O O O O B-PER I-PER O O O
"बेकटेल इंजीनियरिंग, खरीद और निर्माण का मुख्य ठेकेदार था।",B-CORP O O O O O O O O
उन्होंने १९८३ की फ़िल्म मोहमाया की शर्तें पर अपने कला निर्देशन के लिए दूसरा नामांकन साझा किया।,O O O O B-CW I-CW I-CW O O O O O O O O O O
"१९५८ से १९६७ तक, उन्होंने हाँगर हमलों का अध्ययन करने में अधिक समय बिताया।",O O O O O B-PROD O O O O O O O O
अक्टूबर - सोलसीक फाइल शेयरिंग प्रोग्राम जारी किया गया।,O O B-CW O O O O O O
इसे १९९५ में पूरी तरह से पुनर्निर्मित और आधुनिक बनाया गया था और २००० में इसे न्यू यॉर्क सिटी लैंडमार्क्स प्रिजर्वेशन कमीशन नामित किया गया था।,O O O O O O O O O O O O O O O O B-GRP I-GRP I-GRP I-GRP I-GRP I-GRP O O O O
"आधिकारिक तौर पर बैंड समाप्त हो गया, लेकिन २००१ में अपने एल्बम जीवन की साँसे के साथ वापसी की।",O O O O O O O O O O O O B-CW I-CW I-CW O O O O
दोनों फाइटर्स अब इंटरनेशनल बॉक्सिंग हॉल ऑफ फ़ेम के सदस्य हैं।,O O O B-GRP I-GRP I-GRP I-GRP I-GRP O O O
ऑडियो प्रारूप को सुपर ऑडियो सीडी से परिवर्तित करके बनाई गई ऑडियो फ़ाइल।,O O O B-PROD I-PROD I-PROD O O O O O O O
अटलांटिक तट रेखा रेलमार्ग शहर में १८८६ में एक टर्मिनस स्थित था।,B-GRP I-GRP I-GRP I-GRP O O O O O O O O
२०१४ और २०१६ कैडिलैक ईएलआर हाइब्रिड कूप में प्लग करें,O O O B-PROD I-PROD O O O O O
सबायन जेंटू लिनक्स वितरण के समान मूल घटकों का उपयोग करता है।,O B-CW I-CW O O O O O O O O O
टेटले टी बैग्स १०० के बजाय ८८ के बॉक्स में बेचे गए।,B-CORP O O O O O O O O O O O
इसे १८९८ में बनाया गया था और १९८३ में ऐतिहासिक स्थलों का राष्ट्रीय पंजीकरण में जोड़ा गया था।,O O O O O O O O O B-GRP I-GRP I-GRP I-GRP I-GRP O O O O
उन्हें १९८१ में नाइस्मिथ मेमोरियल बास्केटबॉल हॉल ऑफ फ़ेम में शामिल किया गया था।,O O O B-GRP I-GRP I-GRP I-GRP I-GRP I-GRP O O O O O
यह घरेलू कमाई के मामले में एक महिला निर्देशक के साथ सबसे अधिक कमाई करने वाली फिल्म भी बन गई - फ्रोज़न को पीछे छोड़ते हुए।,O O O O O O O O O O O O O O O O O O O O O B-CW O O O O
रॉटेन टमेटोज़ पर फिल्म की १९ समीक्षाओं के आधार पर २१% की स्वीकृति रेटिंग और ४.३९/१० की औसत रेटिंग है।,B-CORP I-CORP O O O O O O O O O O O O O O O O O O
"जब वह विदेश में होता है, तो वह टैबलेट कम्प्यूटर का उपयोग करके हस्ताक्षर कर सकता है, लेकिन लौटने पर भी मूल कागज पर हस्ताक्षर करेगा।",O O O O O O O O B-PROD I-PROD O O O O O O O O O O O O O O O O
पनबिजली परियोजना के लिए नदी का पहला सर्वेक्षण २००७ में करेन नेशनल यूनियन द्वारा किया गया था।,O O O O O O O O O O B-GRP I-GRP I-GRP O O O O
इसे यामागुची प्रीफेक्चर में सबसे प्रसिद्ध दर्शनीय स्थल के रूप में जाना जाता है।,O B-LOC I-LOC O O O O O O O O O O O
मैकलेन ने अपना शेष जीवन संयुक्त राज्य अमेरिका में बिताया।,O O O O O B-LOC I-LOC I-LOC O O
"रोनी ब्रंसविज्को , राजनेता और विद्रोही नेता",B-PER I-PER O O O O O
ओरिएंट एक्सप्रेस पर हत्या ( 47वां अकादमी पुरस्कार बेस्ट ओरिजिनल ड्रामेटिक स्कोर के लिए),B-CW I-CW I-CW I-CW O B-CW I-CW I-CW O O O O O O
इसे १९८१ में स्काई रिकॉर्ड्स द्वारा जारी किया गया था।,O O O B-CORP I-CORP O O O O O
"सूजी का हलवा , या सूजी दलिया , एक दलिया प्रकार का हलवा",B-PROD I-PROD I-PROD O O O O O O O O O O
सेब को पानी या नरम साइडर (ताजा सेब का रस) के साथ पकाकर सेब की चटनी बनाई जाती है।,O O O O B-PROD I-PROD O O O O O O O O O O O O O
"पानी ने शीतलक, न्यूट्रॉन विमन्दक , और विकिरण सुरक्षा के रूप में कार्य किया।",O O O B-PROD I-PROD O O O O O O O O O
(आज के यूनाइटेड मेथोडिस्ट चर्च में एक ठहराया मंत्री के समकक्ष) ।,O O B-GRP I-GRP I-GRP O O O O O O O
उनके गांव के दृश्य डेविड टेनियर्स द यंगर की शैली के दृश्यों की याद दिलाते हैं।,O O O O B-PER I-PER I-PER I-PER O O O O O O O O
जिनका उपयोग कीमोनो को डिजाइन करने में किया जाता है।,O O B-PROD O O O O O O O
रहस्यवादी - लीड वोकल्स (ट्रैक ३),B-PER O O O O O
१९५० के दशक में उन्होंने एक संगीत संपादक के रूप में डेक्का के लिए काम किया।,O O O O O O O O O O O B-CORP O O O O
फ़ेरी ने नैशविले में भी रिकॉर्ड किया है।,O O B-LOC O O O O O
"करासिक १९८१ में पेशेवर बन गए और अगले छह साल एनके ओसिजेकी के साथ बिताए, जहां उन्होंने क्लब के लिए कुल ३०० मैचों में भाग लिया।",O O O O O O O O O O B-GRP I-GRP O O O O O O O O O O O O O O
१९५८ में यह सार्वजनिक कंपनी बन गया।,O O O B-CORP I-CORP O O
"इस अवधि के ट्रैक संकलन की अगली कड़ी में दिखाई दिए; शूट स्पीड - अधिक डर्टी हिट्स , पांच महीने बाद जारी किया गया।",O O O O O O O O O O O B-CW I-CW I-CW I-CW I-CW I-CW O O O O O O O
"एल्बम का नाम सवाल पर एक नाटक है क्या यशवंत , १९५५ के एक नाटक और १९५७ की फिल्म के लिए इस्तेमाल किया गया नाम जो ज्यादातर एक दूसरे से असंबंधित थे।",O O O O O O O O B-CW I-CW O O O O O O O O O O O O O O O O O O O O O O
२०२० में उन्हें कनाडा का आदेश प्राप्त हुआ।,O O O B-GRP I-GRP I-GRP O O
इस क्षेत्र में स्नोमोबाइल का भी आनंद लिया जाता है।,O O O B-PROD O O O O O O
वे एक बच्चे को उसकी माँ के दूध में उबाल नहीं सके।,O O O O O O O B-PROD O O O O
बॉर्डरलाइन कंट्री म्यूज़िक जोड़ी ब्रूक्स एंड डन का चौथा स्टूडियो एल्बम है।,O O O O B-GRP I-GRP I-GRP O O O O O
अल्फी २०१६ में मुफ़्त ट्रांसफ़र पर ऐबरिस्टविथ टाउन एफ.सी. में शामिल हुए।,O O O O O O B-GRP I-GRP I-GRP O O O
"दुर्भाग्य से, घर के रास्ते में, वह गलती से अपने निसान पाथफाइंडर के साथ एक कुत्ते को लगभग हिट कर देता है, जिससे कुत्ता गुस्से में उस पर चिल्लाने लगता है।",O O O O O O O O O O B-PROD I-PROD O O O O O O O O O O O O O O O O O O O
"उत्तरजीविता फिल्म , फिल्म शैली के बारे में, संबंधित फिल्मों की सूची के साथ",B-CW I-CW O O O O O O O O O O O O
"पूरी फिल्म में प्रभावी हास्य मार्ग हैं, जबकि ला नासीयन ने छायांकन की प्रशंसा की।",O O O O O O O O B-GRP I-GRP O O O O O
"कदवाया मध्य प्रदेश , भारत में एक गांव है।",O B-LOC I-LOC O B-LOC O O O O
"यह शहर पर्यटकों की पीठ पर विकसित हुआ, जो अविकसित शहर मार्मारिस के शांत विकल्प की तलाश में थे।",O O O O O O O O O O O B-LOC O O O O O O O
उस तिथि के बाद उत्पादित तन्त्रांश इसके लिए काम नहीं कर सकता है।,O O O O O B-CW O O O O O O O
"उसका शरीर नग्न पाया गया था और उसके हाथ प्लास्टिक के लचीले हथकड़ी से बंधे थे। उसकी हत्या के १६ साल बाद, एक ठंडे खूनी हत्यारे को न्याय के कटघरे में लाया जाता है।",O O O O O O O O O O O O B-PROD O O O O O O O O O O O O O O O O O O O O O
भवन को १९८५ में ऐतिहासिक स्थलों का राष्ट्रीय पंजीकरण पर सूचीबद्ध किया गया था।,O O O O B-GRP I-GRP I-GRP I-GRP I-GRP O O O O O
घर को १९९४ में ऐतिहासिक स्थलों का राष्ट्रीय पंजीकरण पर सूचीबद्ध किया गया था।,O O O O B-GRP I-GRP I-GRP I-GRP I-GRP O O O O O
यह कोल्लम जिला के ११ विधानसभा क्षेत्रों में से एक है।,O B-LOC I-LOC O O O O O O O O
"कैमिलो एगास (बिज़्कोचिटो) (१८८९ - १९६२), इक्वाडोरियन / अमेरिकी चित्रकार और शिक्षक",B-PER I-PER I-PER O O O O O O O O O
उन्होंने २३ गाथा भी लिखा।,O O B-CW O O
कूपर को तब पीटर फॉक्स से बदल दिया गया था और वह प्रबंधन में वापस नहीं आया है।,O O O B-PER I-PER O O O O O O O O O O O O O
१९२४ में उन्होंने इंपीरियल एयरवेज की नींव में अग्रणी भूमिका निभाई।,O O O B-CORP I-CORP O O O O O O
"जर्नल का प्रबंधन मोनाश विश्वविद्यालय छात्रों की एक संपादकीय समिति द्वारा किया जाता है, जिन्हें दो संकाय सलाहकारों द्वारा सहायता प्रदान की जाती है।",O O O B-GRP I-GRP O O O O O O O O O O O O O O O O O O O
टमाले आहार का एक प्रमुख हिस्सा हैं और अक्सर तमाले के भीतर या इसे लपेटने के लिए इस्तेमाल किए जाने वाले आटे और होजा संता में मिश्रित चिपिलिन शामिल करते हैं।,B-PROD O O O O O O O O O O O O O O O O O O O O O O O O O O O O O O
"हालांकि, उन्होंने टीम के लिए कोई प्रदर्शन नहीं किया, और अगले सीजन में उन्हें बकिरकोयस्पोरी में स्थानांतरित कर दिया गया।",O O O O O O O O O O O O O O B-GRP O O O O O
हॉटपैंट्स या हॉट पैंट्स बेहद छोटे निकर का वर्णन करते हैं।,O O O O O O B-PROD O O O O
संयंत्र २००५ में बनाया गया था और कोल्बुन एस.ए. द्वारा चलाया जाता है।,O O O O O O O B-CORP I-CORP O O O O
अच्छा तब उपयोगी हो जाता है जब कई प्रक्रियाएं सेंट्रल प्रोसेसिंग यूनिट द्वारा प्रदान किए जा सकने वाले संसाधनों की तुलना में अधिक संसाधनों की मांग कर रही हैं।,O O O O O O O O O B-PROD I-PROD I-PROD O O O O O O O O O O O O O O O O O
इसे केवल ई धुन के माध्यम से उपलब्ध कराया गया था।,O O B-CW I-CW O O O O O O O
"१९६८ में कैपिटल रिकॉर्ड्स के लिए एक एल्बम रिकॉर्ड करने के बाद, समूह अलग हो गया था।",O O B-CORP I-CORP O O O O O O O O O O O O O
"के बजट पर बनी, फिल्म ने दुनिया भर में कमाई की, इस प्रकार यह एक बॉक्स ऑफिस बम बन गई।",O O O O O O O O O O O O O O O B-CW I-CW I-CW O O
१९९२ में टॉड डे ने अपना रिकॉर्ड तोड़ने तक मोनक्रिफ़ स्कूल के सर्वकालिक अग्रणी स्कोरर थे।,O O B-PER I-PER O O O O O O O O O O O O
"कई नदियाँ और नहरें, जिनमें से कोई भी बहुत बड़ी नहीं है, एक सामान्य दक्षिण से उत्तर दिशा में चलती हैं, बेवग्ना के पास एक ही नदी में परिवर्तित होती हैं।",O O O O O O O O O O O O O O O O O O O O O B-LOC O O O O O O O O O
इस जीनस का वर्णन १८८९ में एडवर्ड मायरिक द्वारा किया गया था।,O O O O O O B-PER I-PER O O O O
आज की एनबीबीजे उत्तराधिकारी फर्म है।,O O B-CORP O O O
हांगकांग वेधशाला से रडार ने लगभग २० किमी (१२ मील) व्यास में एक आंतरिक आंख और लगभग १०० किमी (६० मील) व्यास में एक बाहरी आंख का संकेत दिया।,B-GRP I-GRP O O O O O O O O O O O O O O O O O O O O O O O O O O O
"विभिन्न विज्ञापनों के माध्यम से, सनटोरी को जनता से उच्च प्रचार और प्रतिष्ठा प्राप्त हुई।",O O O O O B-CORP O O O O O O O O O
बार में उनके मृत्युलेख में उन्हें काफी रेंज और निर्विवाद भेद रखने के रूप में वर्णित किया गया है।,B-GRP O O O O O O O O O O O O O O O O O O
"रोटी ऊतक , पारंपरिक रोटी कैनाई का पतला संस्करण।",B-PROD I-PROD O O O O O O O
"एल्बम के कुछ हिस्सों को बाद में उनके संकलन एल्बम के लिए फिर से जारी किया गया, जिसका शीर्षक था ब्लूप्रिंट 2.1 ।",O O O O O O O O O O O O O O O O O O O O B-CW I-CW O
सिलेंडर का आकार उनके फोनोग्राफ सिलेंडर से मेल खाता था क्योंकि वे चलती छवियों को ध्वनि रिकॉर्डिंग के साथ जोड़ना चाहते थे।,O O O O B-PROD O O O O O O O O O O O O O O O O O
"उनकी बेटी, सिन ते बेटा , वर्तमान में एक सीनेटर हैं।",O O B-PER I-PER I-PER O O O O O O
"छपी रोटी एक छोटी सी दो छड़ें हैं पतंग जिसे समाचार पत्रों, झाड़ू की छड़ें, या फेंकी गई प्लास्टिक शीट जैसी सस्ती सामग्री से जल्दी से बनाया जा सकता है।",O O O O O O O O B-PROD O O O O O O O O O O O O O O O O O O O O O
इमारत को २०१५ में ऐतिहासिक स्थलों का राष्ट्रीय पंजीकरण पर सूचीबद्ध किया गया था।,O O O O B-GRP I-GRP I-GRP I-GRP I-GRP O O O O O
उन्होंने मोरी मारीनारी की दूसरी बेटी से शादी की।,O B-PER I-PER O O O O O O
मस्पालोमास सबसे प्रसिद्ध पर्यटक आकर्षणों में से एक है।,B-LOC O O O O O O O O
इसका वर्णन १९१२ में एम्ब्रिक स्ट्रैंड द्वारा किया गया था।,O O O O B-PER I-PER O O O O
एस्ट्रो ने किम्बा द व्हाइट लायन . के दो एपिसोड में एक कैमियो भी किया है,O O B-CW I-CW I-CW I-CW O O O O O O O O O O
"लघु फ़िल्म , चलचित्र इतने लंबे नहीं हैं कि एक फीचर फिल्म के रूप में माने जा सकें",B-CW I-CW O O O O O O O O O O O O O O O O
इसके बाद जहाजों ने ले लवंडौ से प्रशिक्षण अभ्यास में भाग लिया।,O O O O B-LOC I-LOC O O O O O O
"समीक्षा एग्रीगेटर रॉटेन टमेटोज़ रिपोर्ट करता है कि ४८ में से ७१% समीक्षकों ने फिल्म को सकारात्मक समीक्षा दी, १० में से ६.३१ की औसत रेटिंग के साथ।",O O B-CORP I-CORP O O O O O O O O O O O O O O O O O O O O O O O O
जूलिया बेरेज़िकोवा - बिना नियमों के लड़ाई में विश्व चैंपियन।,B-PER I-PER O O O O O O O O
फागियानो ने इथाका कॉलेज से स्नातक किया है और वह फ़ुटबॉल टीम के सदस्य थे।,O O B-GRP I-GRP O O O O O O O O O O O
अपनी युवावस्था में उन्होंने अपने पिता की चीरघर में काम किया और मीडविल में एक प्रिंटर के रूप में काम किया।,O O O O O O O O O O O O B-LOC O O O O O O O O
छवि : एटियेन बुफे पोर्ट डी टौलॉन १९२९। जेपीजी | तुलों का पोर्ट। १९२९,O O O O O O O O O O B-LOC O O O
अगले सफल वर्षों में इसका विस्तार हुआ और मेट्रो मनिला क्षेत्र में नए परिसरों की स्थापना हुई।,O O O O O O O O B-LOC I-LOC O O O O O O O
साइडर का उपयोग सिरका बनाने के लिए भी किया जा सकता है।,O O O B-PROD O O O O O O O O
"फाइलो , एक मध्य पूर्वी पेस्ट्री आटा",B-PROD O O O O O O
हैंक्स ने अपनी स्नातक की डिग्री जॉर्ज टाउन विश्वविद्यालय से अर्जित की।,O O O O O O B-GRP I-GRP I-GRP O O O
स्टेशन पेरिस मेट्रो लाइन 14 (जो इसके समानांतर है) के साथ पत्राचार में है और एक रियर स्टेशन द्वारा विस्तारित किया गया है।,O B-LOC I-LOC I-LOC I-LOC O O O O O O O O O O O O O O O O O O
फ़ाइल: जस्टिनी९। जेपीईजी | बस का उपयोग ११ किमी२ विश्वविद्यालय परिसर में किया जाता है।,O O O O B-PROD O O O O O O O O O O
११६० पर माचिरास मठ की नींव से गांव का निर्माण और नाम स्वाभाविक रूप से जुड़ा हुआ है।,O O B-GRP I-GRP O O O O O O O O O O O O O O
"रिव्यू एग्रीगेशन वेबसाइट रॉटेन टमेटोज़ २४ क्रिटिक्स की समीक्षाओं के आधार पर फिल्म को ७९% का स्कोर देती है, जिसकी औसत रेटिंग ६.७ / १० है।",O O O B-CORP I-CORP O O O O O O O O O O O O O O O O O O O O O
१९१७ में ब्राउन एरोल-जॉनस्टन में चले गए थे।,O O O B-CORP O O O O
"साथ ही, सभी २६ एपिसोड पहले नेटफ्लिक्स पर उपलब्ध थे।",O O O O O O B-CORP O O O
मर्डोक निकल्स इससे दंग रह जाते हैं और वीडियो के सेक्शन के दौरान अपने अविश्वास को संक्षेप में दोहराते हैं।,B-PER I-PER O O O O O O O O O O O O O O O O O O
छवि: शुप्पन ९६२सीआर। जेपीजी | प्रदर्शन पर एक शुप्पन 962सीआर सड़क कार।,O O O O O O O O B-PROD I-PROD O O
"एनीचो गिटार (१, २, ५, ६, ८), वोकल्स (१, ७, ९), ड्रम, प्रोग्रामिंग",B-PER O O O O O O O O O O O O
स्टीवंस ने १९९६ और १९९७ के बीच बाहरी सीमाएं के पुनरुद्धार शो के लिए भी लिखा।,O O O O O O O B-CW I-CW O O O O O O O
"टीम ने अपने ९५६ के साथ जारी रखा, भले ही कुछ प्रतियोगी अब बेहतर पोर्श 962 का उपयोग कर रहे थे।",O O O O O O O O O O O O O O B-PROD I-PROD O O O O O
"उन्होंने १९८२ से १९९६ तक गुजरात साहित्य अकादमी , गाँधीनगर के रजिस्ट्रार के रूप में कार्य किया और सेवानिवृत्त हुए।",O O O O O B-GRP I-GRP I-GRP O B-LOC O O O O O O O O O O
"श्रृंखला ७ , अक्सर ऑटोमोबाइल के बीएमडब्ल्यू 7 सीरीज का वर्णन करने के लिए प्रयोग किया जाता है",O O O O O O B-PROD I-PROD I-PROD O O O O O O O O O
यह सिद्धांत आंशिक रूप से गेरहार्ड शिंगिंग के पहले के कार्यों से प्रेरित था।,O O O O O B-PER I-PER O O O O O O O
१९२५ में उन्हें राष्ट्रीय विज्ञान अकादमी का सदस्य बनाया गया था।,O O O B-GRP I-GRP I-GRP O O O O O
"माइक लव - लीड, हार्मनी और बैकिंग वोकल्स",B-PER I-PER O O O O O O
"सेसिल कैल्वर्ट, दूसरा बैरन बाल्टीमोर ने शहर का नाम उनके सचिव के नाम पर रखा।",B-PER I-PER I-PER I-PER I-PER O O O O O O O O O O
यह शहर एक महत्वपूर्ण नौका बंदरगाह भी है: यह कैलेडोनियन मैकब्रेन सबसे व्यस्त टर्मिनल है।,O O O O O O O O O B-CORP I-CORP O O O O
फिल्मों के विभिन्न संस्करणों में उनकी अधिकांश भूमिकाएँ कोइची यमदेर द्वारा ली गई हैं।,O O O O O O O O B-PER I-PER O O O O
यह दक्षिण पूर्वी पेरू में पाया जाता है।,O O O B-LOC O O O O
समाजशास्त्री रिचर्ड क्विन्नी ने समाज और अपराध के बीच संबंध के बारे में लिखा है।,O B-PER I-PER O O O O O O O O O O O O
"बंदिनी 1000 वी , १९७० की रेस कार प्रोटोटाइप",B-PROD I-PROD I-PROD O O O O O O
इसका वर्णन १८४३ में विल्हेम फर्डिनेंड एरिचसन द्वारा किया गया था।,O O O O B-PER I-PER I-PER O O O O
पुरस्कार के रूप में उन्हें एक यामाहा मोटर उपहार में दिया गया था।,O O O O O O B-CORP I-CORP O O O O O
"उपाध्यक्ष ने संगठन को एक नए धर्म के रूप में चित्रित किया, जबकि अन्य आउटलेट्स ने इसे एक पंथ कहा।",B-CORP O O O O O O O O O O O O O O O O O O O
"जेन टर्नर (जन्म १९६४), फिल्म निर्देशक, उपन्यासकार, टेलीविजन निर्देशक और पटकथा लेखक",B-PER I-PER O O O O O O O O O O
"१९५८ में, वे नॉर्डर मानकर रुंधफंक (नॉर्डड्यूशर रुंडफंक, या उत्तरी जर्मन रेडियो) बड़े बैंड में शामिल हो गए।",O O O B-CORP I-CORP I-CORP O O O O O O O O O O O O
उन्होंने कई फिल्मों में एक स्पॉट एडिटर के रूप में काम किया और एक स्वतंत्र संपादक के रूप में उनकी शुरुआत चार्ली थी।,O O O O O O O O O O O O O O O O O O O O O B-CW O
यह अलग होंडुरास का विभाग से बना है।,O O B-LOC I-LOC I-LOC O O O
"उनकी मृत्यु के बाद, न्यू यॉर्क टाइम्स के एक आलोचक ने टिप्पणी की कि वह एक मर्दाना युग में गलत तरीके से उपेक्षित महिला थीं।",O O O O B-GRP I-GRP I-GRP O O O O O O O O O O O O O O O O O O
मलाकी एक गैस फिटर के रूप में काम कर रहा था जब उसने ऑडिशन दिया और उसे २००२ में संदर्भ की पहली श्रृंखला में प्रदर्शित होने के लिए चुना गया।,O O O O O O O O O O O O O O O O O O O B-CW O O O O O O O O O O
"उन्होंने हैरी गैंटो एकत्र किया, फिनिश लाइन के पार फिसल गया, और अभी भी ७ वें स्थान पर समाप्त हुआ।",O B-PER I-PER O O O O O O O O O O O O O O O O O
"कराली अमास्या , अमासिया प्रांत , तुर्की में एक गांव है।",O B-LOC O B-LOC I-LOC O B-LOC O O O O
"फैरेल विलियम्स - इंस्ट्रूमेंटेशन, प्रोड्यूसर, वोकल अरेंजमेंट, वोकल्स",B-PER I-PER O O O O O O
इन सत्रों के दौरान नि: शुल्क अब सब सही है का एक संस्करण भी रिकॉर्ड किया गया था।,O O O O B-GRP I-GRP B-CW I-CW I-CW I-CW O O O O O O O O
इसकी सीट कुसाक-सुर-लॉयर में है।,O O B-LOC O O
"एक करीबी रिश्तेदार टेलीटेक्स्ट है, जो केवल एक दिशा में डेटा भेजता है, आमतौर पर एक टेलीविजन सिग्नल में एन्कोड किया जाता है।",O O O B-PROD O O O O O O O O O O O O O O O O O O O
यह लेखक की पहली पुस्तक थी जिसे अरखाम हाउस द्वारा प्रकाशित किया गया था।,O O O O O O O B-CORP I-CORP O O O O O
"इसके विघटन से पहले, अलोहा एयरलाइंस का मुख्यालय शहर में था।",O O O O B-CORP I-CORP O O O O O
जीडब्ल्यूएलपी३० - परमाणु - वाह! - १९८८,O O B-GRP O O O O
"वह फाइनल में अंतिम मोड़ पर भी था, और अधिक कट्टर स्टीव रिडिक को केवल समापन चरणों में पछाड़ दिया।",O O O O O O O O O O O B-PER I-PER O O O O O O O
"तीसरी श्रृंखला ने ५३४,००० दर्शकों के साथ एक रिकॉर्ड बनाया, जिसे लोमड़ी (लोमड़ी क्या कहती है?) की सफलता से काफी मदद मिली।",O O O O O O O O O O O B-CW I-CW I-CW I-CW I-CW O O O O O O
"हाई स्कूल में चिकित्सा, अर्थव्यवस्था, कानून, व्यायामशाला (सामान्य अध्ययन), और पर्यटन सहित अध्ययन के कई पाठ्यक्रम हैं।",O O O O O O B-GRP O O O O O O O O O O
"सैल्मन में घ्राण संकेत महत्वपूर्ण हो सकते हैं, जो ठीक उसी नदी में वापस जाने के लिए जाने जाते हैं जहां से वे पैदा हुए थे।",B-PROD O O O O O O O O O O O O O O O O O O O O O O O O O
इसमें मुख्यधारा के ऐतिहासिक उपन्यास के साथ-साथ ऐतिहासिक विषयों के साथ अन्य साहित्यिक शैली कथाएं शामिल हैं।,O O O O O O O O O O O O B-CW I-CW O O O
रॉबर्ट्सफोर्स नगर पालिका में तीन स्वीडन में शहरी क्षेत्र (या शहरी क्षेत्र) हैं:,O O O O O B-LOC I-LOC I-LOC I-LOC O O O O
"वे हनबोको में बाहर जाते हैं, एक दूसरे का हाथ पकड़ते हैं, एक गोला बनाते हैं, और दक्षिणावर्त घूमना शुरू करते हैं।",O B-PROD O O O O O O O O O O O O O O O O O O O O
स्टेशन का संचालन रूसी रेलवे द्वारा किया जाता है।,O O O B-GRP I-GRP O O O O
"पीएसवी ने सेमीफाइनल में जगह बनाई, लेकिन रियल मैड्रिड सी. एफ़ बहुत मजबूत साबित हुई।",O O O O O O O B-GRP I-GRP I-GRP I-GRP O O O O
हार्लो ने बदले में पोर्टरफील्ड एयरक्राफ्ट कॉर्पोरेशन में एक तिहाई ब्याज खरीदा।,O O O O B-CORP I-CORP I-CORP O O O O O
"क्लब में उनके स्थायी स्थानांतरण के बाद, प्रबंधक मिकी मेलन ने उनकी एथलेटिक और तकनीकी क्षमता के साथ-साथ उनकी बहुमुखी प्रतिभा के रूप में उनकी ताकत का उल्लेख किया।",O O O O O O O O B-PER I-PER O O O O O O O O O O O O O O O O O O O
उन्होंने १९१५ में वोफ़र्ड कॉलेज में मुख्य फुटबॉल कोच के रूप में कार्य किया।,O O O B-GRP I-GRP O O O O O O O O O
१९५० के दशक के मध्य में अयोरोआ गतिज कला आंदोलन में सबसे आगे था।,O O O O O O O B-CW I-CW O O O O O
"डेनिस का जन्म बेलमोंटे , ऑस्ट्रेलिया में हुआ था।",O O O B-LOC O B-LOC O O O
वे १९८२ से १९९३ तक विधि संकाय में घाना विश्वविद्यालय में पूर्णकालिक व्याख्याता बने।,O O O O O O O O B-GRP I-GRP O O O O
"फिल्म को १०४ समीक्षाओं के आधार पर रॉटेन टमेटोज़ पर १% रेटिंग मिली है, और इसे २००० के दशक की शीर्ष १०० सबसे खराब समीक्षा वाली फिल्मों की साइट की सूची में शामिल किया गया था।",O O O O O O O B-CORP I-CORP O O O O O O O O O O O O O O O O O O O O O O O O O O O
इसने होन्शू में लैंडफॉल बनाया।,O B-LOC O O O
मार्टिन बेकर आगे चलकर इजेक्शन सीट के विश्व के अग्रणी निर्माताओं में से एक बन गए।,O O O O B-PROD I-PROD O O O O O O O O O O
स्प्री २०१३ का उद्घाटन आर. पी. पटनायक द्वारा किया गया था।,O O O O B-PER I-PER I-PER O O O O
"वे हेनरिक हेन से काफी प्रभावित थे, जिनकी कृतियों का उन्होंने अनुवाद किया।",O B-PER I-PER O O O O O O O O O O
"मे मनोरंजन उद्योग से जुड़े कई लोगों से परिचित थे, और उन्होंने फ्रैंक कैप्रा की दूसरी शादी के समारोह की अध्यक्षता की।",O O O O O O O O O O O O B-PER I-PER O O O O O O O O
फिल्म के लिए कोई ब्लू-रे डिस्क जारी नहीं किया गया है और स्ट्रीमिंग साइटों से उपलब्ध नहीं है।,O O O O B-PROD I-PROD O O O O O O O O O O O O
"उनका पार्टी पर एक मध्यम प्रभाव था, और जिनेवा समझौता के हस्ताक्षरकर्ताओं में से थे।",O O O O O O O O B-GRP I-GRP O O O O O
पहली बार अज़ीश के किस्से,O O B-CW I-CW I-CW
५८ (अगस्त १९६४) में देखा गया।,O O O O O O
ब्लास्टार ने बाद में राजाओं का युद्ध स्टोरी आर्क की प्रस्तावना के दौरान जेल को खत्म कर दिया।,O O O O B-CW I-CW I-CW O O O O O O O O O O O
गैलीलियो ने भू-केंद्रवाद और उभरते वैकल्पिक सिद्धांतों जैसे टैको ब्राहे को खारिज करना शुरू कर दिया।,O O O O O O O O B-PER I-PER O O O O O O
"१९९३ में, वे टेक्नीश यूनिवर्सिटी डार्मस्टाट में प्रोफेसर का दौरा कर रहे थे।",O O O B-GRP I-GRP I-GRP O O O O O O O
ला फुरेउर प्रश्नोत्तरी / संगीत,B-CW I-CW O O O
एक शज़ाम कोड भी शामिल किया गया था।,O B-CW O O O O O O
पेपरकॉर्न मट्ठा के घटाव के दौरान मिलाए जाते हैं।,O B-PROD O O O O O O O
"संयुक्त राज्य जनगणना ब्यूरो के अनुसार, शहर का कुल क्षेत्रफल कुल भूमि है।",B-GRP I-GRP I-GRP I-GRP O O O O O O O O O
सेंट जॉन्स आर्ककैथेड्रल के तहखाने में मोस्की की कब्र,B-LOC I-LOC I-LOC O O O O O O
"उनका उत्तराधिकारी उनके भाई लुई डी'आर्मग्नैक, ड्यूक ऑफ नेमोर्स ने लिया।",O O O O B-PER I-PER I-PER I-PER I-PER O O
"दादर गुलुंग , कुइहो केतयापी या कुइहो लेंगगैंग - मिनी क्रेप्स को पाम शुगर वाले मीठे नारियल के फिलिंग के साथ रोल अप किया गया है।",B-PROD I-PROD O O O O O O O O O O O O O O O O O O O O O O O O
मैकइंटायर ने बीबीसी रेडियो 5 लाइव पर एक साप्ताहिक रेडियो शो प्रस्तुत किया है।,O O B-CORP I-CORP I-CORP I-CORP O O O O O O O O
वे इसहाक सेलमेकर के शिक्षक थे।,O B-PER I-PER O O O
"(डॉफ़र का काम कताई प्रक्रिया के अंत में था, अटेरन की जगह, जो खाली वाले धागे से भर गया था)।",O O O O O O O O O B-PROD O O O O O O O O O O
"संयुक्त राज्य जनगणना ब्यूरो के अनुसार, शहर का कुल क्षेत्रफल है, जिसमें से भूमि है और (२.१०%) पानी है।",B-GRP I-GRP I-GRP I-GRP O O O O O O O O O O O O O O O
रोज़ रॉयस (मूल) संस्करण को मध्यम सफलता मिली।,B-GRP I-GRP O O O O O O
एनिमेटेड सिटकॉम द सिम्पसन्स पर एनिमेशन करियर बनाने के लिए उन्होंने जल्द ही बैंड छोड़ दिया।,O O B-CW I-CW O O O O O O O O O O O O
"१९८२ और १९८३ के दौरान, उन्होंने मनोरंजक मनोरंजक आज शाम के लिए सप्ताहांत होस्ट और संवाददाता के रूप में कार्य किया।",O O O O O O B-CW I-CW I-CW I-CW O O O O O O O O O O O
कई विलीज एमबी या तो अपने ग्लाइडर से नहीं पहुंचते हैं या घात लगाकर गोली मार दी जाती है।,O B-PROD I-PROD O O O O O O O O O O O O O O O O
उन्होंने टीवी गाइड चैनल के लिए टेनिस फीचर और साक्षात्कार भी प्रस्तुत किए हैं।,O B-CW I-CW O O O O O O O O O O O
"लरेडो (१९६५ टीवी श्रृंखला: १, एपिसोड)",B-CW O O O O O
इसे बाद में उनके नए लेबल रोडरनर रिकॉर्ड्स (तब रोडरेसर रिकॉर्ड्स कहा जाता है) के साथ साइन ऑन करने के बाद जारी किया जाएगा।,O O O O O O B-CORP I-CORP O O O O O O O O O O O O O O O O
"उसी वर्ष, उन्हें क्राइम ड्रामा / एक्शन मूवी तलाशी में दिखाया गया था।",O O O O O O O O B-CW O O O O
स्टैंबॉघ ने १९८१ में शिकागो विश्वविद्यालय से स्नातक किया।,O O O O B-GRP I-GRP O O O
एल्बम से रिलीज़ किया गया पहला एकल हम रोते हैं था।,O O O O O O O B-CW I-CW I-CW O
उन्होंने बालों को हटाने वाले ब्रांड वीटे के लिए एक वैश्विक अभियान का भी नेतृत्व किया है।,O O O O O O B-PROD O O O O O O O O O O
फिल्म को खोई हुई फिल्म माना जाता है।,O O B-CW I-CW I-CW O O O
,
फाल्कन स्ट्राइक्स बैक (एक कठपुतली के रूप में),B-CW I-CW I-CW O O O O O
आरसीए को १९८६ में जनरल इलेक्ट्रिक द्वारा खरीदा गया था और इसके विभिन्न डिवीजनों और संपत्तियों को तब समाप्त कर दिया गया था।,O O O O B-CORP I-CORP O O O O O O O O O O O O O O O O O
वह १९८४ में प्रतिष्ठित मैनहट्टन शतरंज क्लब में शामिल हुए और तीन बार क्लब चैंपियनशिप जीती।,O O O O B-GRP I-GRP I-GRP O O O O O O O O O
जीवाणुरोधी साबुन एक साबुन है जिसमें रासायनिक तत्व होते हैं जो बैक्टीरिया को मारने में कथित रूप से सहायता करते हैं।,O O O B-PROD O O O O O O O O O O O O O O O O O
वे आम तौर पर इसके बजाय अंडे सा सफेद हिस्सा का उपयोग करते हैं।,O O O O O O B-PROD I-PROD I-PROD I-PROD O O O O
वह विदेश संबंध परिषद के भी सदस्य हैं।,O B-GRP I-GRP I-GRP O O O O
वह फीचर फिल्म हैलो डॉली! में एक नर्तकी के रूप में भी दिखाई दीं।,O O O B-CW I-CW O O O O O O O O O
"अंततः रटर्स ने १२ मिलियन गिल्डर के लिए चार पनडुब्बियों के निर्माण का ऑर्डर प्राप्त करने में कामयाबी हासिल की, जिनमें से प्रत्येक को चार पनडुब्बियों के विकल्प के साथ बनाया गया था।",O B-CORP O O O O O O O O O O O O O O O O O O O O O O O O O O O O O O O
"इस तरह वे अपने उत्तरों की तुलना परीक्षण कुंजी से कर सकते हैं जो बाद में इंटरनेट, टेलीटेक्स्ट और समाचार पत्रों पर प्रकाशित होती है।",O O O O O O O O O O O O O O O O O B-PROD O O O O O O O
२००३ में कैनेडियन मेडिकल एसोसिएशन (सीएमए) ने चिकित्सक सहायकों को स्वास्थ्य पेशेवर के रूप में मान्यता दी।,O O B-GRP I-GRP I-GRP O O O O O O O O O O O O
"स्टेसिया नेपियरकोवस्का (१८९१ - १९४५), नर्तकी, फिल्म अभिनेत्री, कई मूक फिल्मों में दिखाई दीं",B-PER I-PER O O O O O O O O O O O O
"बस रखरखाव प्रतियोगिता के लिए, यांत्रिकी की टीमों को कई बस पावरट्रेन और अन्य प्रणालियों में दोषों का पता लगाना और उन्हें ठीक करना होगा",O O O O O O O O O O O B-PROD O O O O O O O O O O O O O
एगिंग अण्डा लोगों या संपत्ति पर फेंकने की क्रिया है।,O B-PROD O O O O O O O O
वार्डे को १९७४ में मैसाचुसेट्स प्रौद्योगिकी संस्थान पर संकाय में नियुक्त किया गया था।,O O O O B-GRP I-GRP I-GRP O O O O O O O
फिल्म में इस गीत को बीट्राइस बोनिफेसिस द्वारा चरित्र में प्रदर्शित किया गया था।,O O O O O B-PER I-PER O O O O O O O
यूक्रेनी गुफा गोताखोर गेन्नेडी समोखिन के एक नए विश्व गहराई रिकॉर्ड तक पहुंचने के लिए जिम्मेदार थे।,O O O B-PER I-PER O O O O O O O O O O O O
दुनिया भर में दंत कैलेंडर में सबसे महत्वपूर्ण दिन; एफडीआई वर्ल्ड डेंटल फेडरेशन . द्वारा आयोजित,O O O O O O O O O B-GRP I-GRP I-GRP I-GRP O O O
शैटॉफ़रिन शहर के पश्चिम में स्थित बेज़ाँसुं/बेज़ानशूं का एक नया विकसित क्षेत्र है।,O O O O O O B-LOC O O O O O O
एस्टेले को इसी नाम के एक निजी मोटरबोट के रूप में बनाया गया था।,O O O O O O O B-PROD O O O O O O
ट्रैक सूची को ई धुन से अपनाया गया था।,O O O B-CW I-CW O O O O
१८९२ से कंपनी ने रूसी रेलवे के विकास में सक्रिय रूप से भाग लिया।,O O O O B-GRP I-GRP O O O O O O O O
"दो वर्षों के भीतर वे बीबीसी रेडियो पर नियमित कलाकार थे, और लाइव प्रदर्शन के लिए उनकी काफी मांग थी।",O O O O O B-CORP O O O O O O O O O O O O O O
"कवर गर्ल सौंदर्य प्रसाधनों के साथ एक १००,००० अनुबंध",B-CORP I-CORP O O O O O O O
"भाप गतिविशिष्ट के लिए, सिस्टम विशुद्ध रूप से संख्यात्मक था।",B-PROD I-PROD O O O O O O O O
स्टेशन और इसकी सेवा करने वाली सभी ट्रेनों का संचालन ग्रेटर एंग्लिया द्वारा किया जाता है।,O O O O O O O O O O B-CORP I-CORP O O O O
संयुक्त राज्य अमेरिका की महिला राष्ट्रीय फ़ुटबॉल टीम की स्थापना १९८५ में हुई थी।,B-GRP I-GRP I-GRP I-GRP I-GRP I-GRP I-GRP I-GRP O O O O O O
"एकीकृत डिवाइस निर्माता , एक प्रकार की सेमीकंडक्टर कंपनी जो एकीकृत सर्किट उत्पादों का डिजाइन, निर्माण और बिक्री करती है",B-CORP I-CORP I-CORP O O O O O O O O O O O O O O O O O
बिग ब्रदर एंड द होल्डिंग कंपनी के कुछ सदस्य इनमें से कुछ परिवर्तनों से नाखुश थे।,B-GRP I-GRP I-GRP I-GRP I-GRP I-GRP O O O O O O O O O O
"जैसे-जैसे हफ्ता आगे बढ़ा, उसे और कैरी मिलना शुरू हुआ, और ग्रीन बे पैकर्स के मुकाबले १०० गज से अधिक की दौड़ लगाने में कामयाब रहा।",O O O O O O O O O O O B-GRP I-GRP I-GRP O O O O O O O O O O O O
,
१९ ब्यू बेनेट (आरडब्ल्यू) - ३३ नियमित सीज़न गेम और एक प्लेऑफ़ गेम खेला।,O B-PER I-PER O O O O O O O O O O O
नीले रंग की आधिकारिक छाया पैनटोन २९३ है।,O O O O O B-CORP O O
७/८ में वाल्ट्ज यानि ( ) द्वारा।,O O O B-PER O O O
"२०१७ में ब्लूमबर्ग एल.पी. द्वारा किए गए विश्लेषण से पता चला है कि आधे से अधिक अमेरिकी परमाणु संयंत्र घाटे में चल रहे थे, सबसे पहले वे एक इकाई स्थल पर थे।",O O B-CORP I-CORP O O O O O O O O O O O O O O O O O O O O O O O O O O O O
फर्मवेयर डिजीटल छवि को संसाधित या संपादित करके डिजिटल शोर में कमी।,B-CW O O O O O O O O O O O
यूटाह मानक यह है कि प्रस्तावित रोगी को एक मानसिक बीमारी है जो एक बड़ा खतरा है।,B-LOC O O O O O O O O O O O O O O O O
ग्लूकोज का फ्रुक्टोज में रूपांतरण उच्च फलशर्करा मक्का शर्बत उत्पादन का एक प्रमुख घटक है।,O O O O O B-PROD I-PROD I-PROD I-PROD O O O O O O
carole king गीतकार और रिकॉर्डिंग कलाकार,B-PER I-PER O O O O
एक अकादमिक स्टोल एक वस्र है जिसका उपयोग विभिन्न संगठनों द्वारा अकादमिक उपलब्धि को दर्शाने के लिए किया जाता है।,O O O O B-PROD O O O O O O O O O O O O O O O
"द टाइम्स ऑफ़ इण्डिया में अपने साक्षात्कार के अनुसार, उसने कहा:",B-GRP I-GRP I-GRP I-GRP O O O O O O O
"शाले ने अपनी शिक्षा प्राथमिक से हाई स्कूल स्तर तक अलखैराती , पालू में शुरू की।",O O O O O O O O O O B-GRP O B-LOC O O O
"उन्होंने पैरिस विश्वविद्यालय में अध्ययन किया, १८६५ में अस्पतालों का प्रशिक्षु बन गया।",O B-GRP I-GRP O O O O O O O O O O
"अंतिम परिणाम मदरबोर्ड के साथ निर्मित सिस्टम के समान है, सिवाय इसके कि बैकप्लेन स्लॉट कॉन्फ़िगरेशन को निर्धारित करता है।",O O B-PROD O O O O O O O O O O O O O O O O O
"वीडियो गेम श्रृंखला के भीतर समुराई योद्धा , तोकुगावा इयासू को एक ऐसे व्यक्ति के रूप में दर्शाया गया है जो सब से ऊपर धैर्य और अपने अधीनस्थों के कल्याण को महत्व देता है।",O O O O O B-CW I-CW O B-PER I-PER O O O O O O O O O O O O O O O O O O O O O O O O
"एक उपयोग विवरण को शेल स्क्रिप्ट में प्रिंट करने के लिए, कोई लिख सकता है:",O O O O B-CW I-CW O O O O O O O O O
मैडसेन मशीन गन (१९२४ में अपनाई गई लाइट मशीन गन),B-PROD I-PROD I-PROD O O O O O O O
"कुछ मुद्दों में, विनाइल पक्षों को विपरीत रूप से लेबल किया जाता है, जबकि सभी सधन चक पुन: जारी भी ट्रैक को गलत क्रम में प्रस्तुत करते हैं।",O O O O O O O O O O O O O O O B-PROD I-PROD O O O O O O O O O O O
"उस परियोजना के समाप्त होने के बाद, वह शानदार यात्रा पर कहानी संपादक बन गईं।",O O O O O O O O B-CW I-CW O O O O O
"वह कोलोम्ना पर लौट आए, जहां उन्होंने १९८० के दशक के अंत तक एक कारखाने में काम किया।",O B-LOC O O O O O O O O O O O O O O O O
रेनी मोंटगोमरी अपने करियर में आखिरी बार अपने होम कोर्ट पर खेलते हुए २५ रन बनाए।,B-PER I-PER O O O O O O O O O O O O O O
"इमारत में एक ठोस नींव है, प्लास्टर बाहरी, और हरी टाइल कवर के साथ सपाट छत।",O O O O O O B-PROD O O O O O O O O O
टीम २०१८ में ब्रेट मोफिट के साथ पूर्णकालिक वापसी करेगी।,O O O B-PER I-PER O O O O O
एक दूसरा सीज़न पहले ही एप्पल इंक॰ द्वारा कमीशन किया जा चुका है।,O O O O O B-CORP I-CORP O O O O O O
१० और ११ फरवरी :,O O O O O
२ में मास्को,O O B-LOC
यह नया स्कूल एयरलाइन द्वारा शुरू किया गया था एयर फ्रांस ।,O O O O O O O O O B-CORP I-CORP O
"जैक केंटो (१९२० - १९८५), बच्चों की किताबों के लेखक चित्रकार",B-PER I-PER O O O O O O O O O
"आमतौर पर, वस्तुएं कांच से बनी होती हैं।",O O O B-PROD O O O O
रिचर्ड गेयर फंड जुटाने में शामिल है।,B-PER I-PER O O O O O
"वरलाम, मास्को का महानगर , १५११ से १५२१ तक शासन किया",B-PER I-PER I-PER I-PER O O O O O O O
"उसी समय वातानुकूलन , इलेक्ट्रिक विंडो , सेंट्रल लॉकिंग , इलेक्ट्रिक मिरर और एयरबैग सभी को वैकल्पिक अतिरिक्त के रूप में उपलब्ध कराया गया था।",O O B-PROD O O O O O O O O O O O O O O O O O O O O O O
एक अन्य उल्लेखनीय अपवाद शहर के लिए १९९९ का पुरस्कार था बार्सिलोना ।,O O O O O O O O O O O B-LOC O
इसका वर्णन १९५६ में स्टीफ़न वॉन ब्रूनिंग द्वारा किया गया था।,O O O O B-PER I-PER I-PER O O O O
यह सबसे अधिक चुनौती वाली या प्रतिबंधित पुस्तकों की अमेरिकन लाइब्रेरी एसोसिएशन सूची में १७वें स्थान पर है।,O O O O O O O O O B-GRP I-GRP I-GRP O O O O O O
श्रृंखला रक्त तलवार का प्रीक्वल है।,O B-CW I-CW O O O
"हालांकि, स्थानीय लोग इसे वस्त्र निपीडक कहते रहे, एक ऐसा नाम जिसे तब से आधिकारिक बना दिया गया है।",O O O O B-PROD I-PROD O O O O O O O O O O O O O
"उन्हें १६७० में एक पुजारी ठहराया गया था, और उसी वर्ष किल्डारे के सिद्धांत के रूप में स्थापित किया गया था।",O O O O O O O O O O O B-LOC O O O O O O O O O
बाद में उनका परिवार केन्द्रापड़ा जिला में चला गया।,O O O O B-LOC I-LOC O O O
"इसे गीक संस्कृति के विरोधी के रूप में देखा जा सकता है, जो छवि पर क्षेत्र के लिए क्षमता और जुनून पर जोर देती है।",O B-PROD O O O O O O O O O O O O O O O O O O O O O O O
जर्मन फिल्म निर्देशक रेनर वर्नर फासबिंदर ने इसे अब तक की दस सर्वश्रेष्ठ फिल्मों में से एक घोषित किया।,O O O B-PER I-PER I-PER O O O O O O O O O O O O O
"हालाँकि, जब बैंड ने एल्बम को रिलीज़ करने का प्रयास किया, तो इसे बाहर देखो! विवरण: द्वारा अस्वीकार कर दिया गया, इसलिए उन्होंने रिकॉर्डिंग को रद्द कर दिया और बाद में इसे कैसेट टेप पर रिलीज़ करने का निर्णय लिया।",O O O O O O O O O O O O O B-CORP I-CORP I-CORP O O O O O O O O O O O O O O O O O O O O O O O O
एक आयुर्वेदिक गुरु केवल मानसरोवर के तट पर पाए जाने वाले बच्चे की चोट के लिए एकमात्र इलाज सुझाता है।,O O O O B-LOC O O O O O O O O O O O O O O O
"तब से, यह समय के साथ अपने मूल प्रेषण से आगे बढ़ गया है, और अब यह एक विश्वज्ञानकोष , या एक धारावाहिक संग्रह से अधिक है।",O O O O O O O O O O O O O O O O O O B-CW O O O O O O O O
"२००० में, कनाडा पोस्ट ने इंटेलकॉम व्यक्त करना के ५०% शेयर खरीदे।",O O B-CORP I-CORP O O O O O O O O
"१९२६ में, उन्होंने लोग के लिए एक हाई कट लेग के साथ एक डिज़ाइन बनाया जो आधुनिक रोडियो बैटविंग चैप्स के पूर्ववर्ती था।",O O O B-PROD O O O O O O O O O O O O O O O O O O O
"उनका सबसे सफल गाना चीनी चीनी है, जो १९६९ में चार हफ्तों तक पॉप चार्ट में सबसे ऊपर रहा।",O O O O B-CW I-CW O O O O O O O O O O O O O
"हावर्ड काउंटी में, कुल ७०४ काउंटी निवासी बेघर हो गए थे।",B-LOC I-LOC O O O O O O O O O
उनके भंडारण समूह नेतृत्व में २००५ में भंडारण प्रौद्योगिकी निगम (स्टोरेजटेक) का अधिग्रहण शामिल था।,O O O O O O O B-CORP I-CORP I-CORP O O O O O
"इसके बजाय, यात्री ई.पू. घाट द्वारा संचालित तटीय नौका लाइनों में से एक का उपयोग करते हैं।",O O O B-CORP I-CORP O O O O O O O O O O O O
मकोकू मकोकौ हवाई अड्डा का घर है।,O B-LOC I-LOC I-LOC O O O
मोशार्ट वेरो बीच में बड़ा हुआ।,O B-LOC I-LOC O O O
मलिक ब्रैडफोर्ड सिटी ए.एफ.सी. . के आजीवन समर्थक रहे हैं,O B-GRP I-GRP I-GRP O O O O O O
"संयुक्त राज्य जनगणना ब्यूरो के अनुसार, टाउनशिप का कुल क्षेत्रफल है, जिसमें से भूमि है और (१.८०%) पानी है।",B-GRP I-GRP I-GRP I-GRP O O O O O O O O O O O O O O O
"साइकिल पेडल , साइकिल का वह हिस्सा जिसे सवार अपने पैर से धक्का देकर वाहन को आगे बढ़ाता है",B-PROD I-PROD O O O O O O O O O O O O O O O O O
यह अतिराष्ट्रवादी बुद्धिजीवी इक्की किता के जीवन पर आधारित है।,O O O B-PER I-PER O O O O O
"वियना १९५७, बोर्ड ५ , ३½/५ ( + २ - ० = ३) , टीम गोल्ड , बोर्ड गोल्ड;",B-LOC O O O O O O O O O O O O O O O O O O
दोनों एमके। चतुर्थ और एमके। वी ट्रांसएक्सलेस में जीकेएन ( फोर्ड ज़ेफिर ) डिफरेंशियल गियर्स और एक बीस्पोक (हेवलैंड मेड) में दाईं ओर एक फॉरवर्ड फेसिंग सिलेक्टर रॉड था। पूंछ आवरण।,O O O O O O O O B-CORP O B-PROD I-PROD O O O O O O O O O O O O O O O O O O O
"सबसे आम मानक मॉडल लगभग ६० सेमी, या २४ इंच, लम्बे, लम्बे और सबसे तुलनीय पश्चिमी संस्कृति गुड़िया से भारी हैं।",O O O O O O O O O O O O O O O B-LOC I-LOC O O O O
महिद्दीन बख्तरज़िक उसे अपने नाट्य दौरों के संगीत कार्यक्रम में शामिल करेगा और क्षेत्र के सभी हिस्सों में उसे प्रसिद्ध करेगा।,B-PER I-PER O O O O O O O O O O O O O O O O O O O
"बेंटले कॉन्टिनेंटल जीटी तीसरी पीढ़ी (टाइप ३एस, २०१८ - वर्तमान)",B-PROD I-PROD I-PROD O O O O O O O
नोडज़िला वेब कैश सुविधाएँ प्रदान करता है; कोई भी सर्वर किसी भी डेटा ऑब्जेक्ट की स्थानीय प्रतिकृति बना सकता है।,O B-PROD I-PROD O O O O O O O O O O O O O O O O O
हो सकता है कि उनकी शादी पियानखु से भी हुई हो।,O O O O O O B-PER O O O O
२०१७ से पहले उन्होंने वोकलॉइड नाम के तहत और अन्य संबंधित सॉफ़्टवेयर का उपयोग करके संगीत बनाया।,O O O O B-CW O O O O O O O O O O O O
"१९३९ में, आकाशवाणी ने उन्हें एक कलाकार के रूप में नियुक्त किया।",O O B-CORP O O O O O O O O O
वह आखिरी बार 1. एफएफसी टर्बाइन पॉट्सडैम के लिए खेली थी।,O O O B-GRP I-GRP I-GRP I-GRP O O O O
१९०८ में बेर्गेन में उनकी मृत्यु हो गई।,O O B-LOC O O O O O
यह बवेरियन हाइलैंड्स से शीर्षक वाले छह गानों के सेट में से तीन के ऑर्केस्ट्रा की व्यवस्था है।,O B-CW I-CW I-CW O O O O O O O O O O O O O O
"इसका अधिकांश भाग ब्रिस्टल के पूर्वी उपनगरों से होकर जाता है, हालांकि यह शहर की सीमाओं के बाहर रहता है।",O O O B-LOC O O O O O O O O O O O O O O O O
क्विंसी को अलग-अलग इतिहास और विशेषताओं के साथ कई मुहल्ला में विभाजित किया गया है।,O O O O O O O O O B-LOC O O O O O
उन्होंने मार्गेट एफ.सी. के लिए कुल ८ प्रस्तुतियां दीं।,O B-GRP I-GRP O O O O O O
उनमें से पांच एल्बम बोर्ड चार्ट पर चार्ट किए गए हैं।,O O O O B-CW O O O O O O
बर्जर्के इंगल्स ग्रुप (बिग) को स्टेडियम और नए बॉलपार्क के आसपास के विकास की योजनाओं को विकसित करने में मुख्य डिजाइनर के रूप में नियुक्त किया गया था।,B-CORP I-CORP I-CORP O O O O O O O O O O O O O O O O O O O O O O O O O
१९६७ में मारियो एंड्रेटी रेस में दबदबा देखा।,O O B-PER I-PER O O O O
एकीकृत एयरलाइन आरक्षण प्रणाली और वैश्विक वितरण प्रणाली (जीडीएस)।,O O O O O B-CW I-CW I-CW O
२००१ में उन्होंने गिलेरा पर खिताब जीतने के लिए सुधार किया।,O O O B-CORP O O O O O O O
": तीसरा संस्करण। : . : नौका , २००७ । - ३९२ पी।",O O O O O O B-CORP O O O O O O
यह एक सार्वभौमिक आभूषण है जो दुनिया भर की कई संस्कृतियों में अलग-अलग संस्करणों में देखा जाता है।,O O O B-PROD O O O O O O O O O O O O O O
पौधे का दूधिया संक्षीर जहरीला होता है और त्वचा के संपर्क में आने पर जलन पैदा कर सकता है।,O O O B-PROD O O O O O O O O O O O O O O O
"पुस्तक सूची ने हाइलाइट के रूप में पारिवारिक गतिशीलता के अत्यधिक वर्णनात्मक, रसीले गद्य और चतुराई से निपटने का हवाला दिया।",B-CW I-CW O O O O O O O O O O O O O O O O O O O
"जब अपराध चल रहा था, पुलिस ने घर के बाहर एक फोर्ड क्राउन विक्टोरिया देखा, जो अक्सर पुलिस द्वारा इस्तेमाल की जाने वाली कार थी और संदिग्ध हो गई थी।",O O O O O O O O O O O B-PROD I-PROD I-PROD O O O O O O O O O O O O O O O O
"यह एपिसोड कैथी स्टाफ को समर्पित था, जो इस एपिसोड के प्रसारित होने से २ हफ्ते पहले मर गए थे।",O O B-PER I-PER O O O O O O O O O O O O O O O O
नए अनुभाग में छात्रों के उपयोग के लिए तीन लिफ्टों और कर्मचारियों के लिए चौथी लिफ्ट के साथ हंबर पर विचार हैं।,O O O O O O O O O O O O O O O O O O B-LOC O O O
आईजीएन ने उन्हें २५ सर्वश्रेष्ठ एनीमे पात्रों की सूची में,B-CORP O O O O O O O O O
स्थान दिया।,O O
यह श्रीलंका में पाया जाता है।,O B-LOC O O O O
थरॉक को 28 दिन बाद में भी देखा जा सकता है।,O O B-CW I-CW I-CW O O O O O O
हेसडेन का महल ब्रेबेंट के क्रमिक ड्यूकों का था; १३५७ में यह हॉलैंड की गिनती के हाथों में चला गया।,O O O O O O O O O O O O B-GRP O O O O O O O
"से : २.५ से : ३.५ शिफ्ट : ( ४५ , १५ ) टेक्स्ट : डेनियल-आंद्रे टंडे रंग: टंडे",O O O O O O O O O O O O O O O B-PER I-PER O O
"चित्र: १८५५ ब्रैटलस्ट एबटलॉरेंस अंतिम संस्कार बोस्टन साउथवर्थ हॉस एमएफएबोस्टन। पीएनजी | ब्रैटल सेंट। , १८५५ (सिटी हॉल की भविष्य की साइट), साउथवर्थ एंड हॉवेस द्वारा फोटो",O O O O O O O O O O O O O O O O O O O O O O B-CORP I-CORP I-CORP O O
बॉक्ससेट को ई धुन पर भी जारी किया गया था।,O O B-CW I-CW O O O O O O
१८वीं शताब्दी के उत्तरार्ध में इंटीरियर को फेडेल फिशेट्टी द्वारा फ्रेस्को किया गया था।,O O O O O O O B-PER I-PER O O O O O
तिट्टापज्जला श्रीलंका में एक गांव है।,O B-LOC O O O O
भूकंप पूर्व चेतावनी प्रणाली को २००६ में व्यावहारिक उपयोग में लाया गया था।,B-CW I-CW I-CW O O O O O O O O O O
"कुछ लोगों ने कहानी की तुलना सात के लिए सात दुल्हनें के समलैंगिक संस्करण से की, जिसे एक भाई के लिए एक पति में बदल दिया गया।",O O O O O O B-CW I-CW I-CW I-CW I-CW O O O O O O O O O O O O O O O O
"फिनीस ओ'कोनेल निर्माता, गीतकार, इंजीनियर, बास, सिंथेसाइज़र, ड्रम प्रोग्रामिंग, अरेंजमेंट, वोकल सैंपलिंग, नाइफ शार्पनिंग रिकॉर्डिंग",B-PER I-PER O O O O O O O O O O O O O
विलियम्स का जन्म १९६६ में शहतूत में हुआ था।,O O O O O B-LOC O O O
"चूंकि सेंसर मिरर को लॉक स्थिति में होना चाहिए (देखें सजीव पूर्वावलोकन ), इस मोड में शटर शोर कम हो जाता है।",O O O O O O O O O O B-PROD I-PROD O O O O O O O O O O
डोमिनोज़ पिज़्ज़ा का मुख्यालय टाउनशिप में है।,B-CORP I-CORP O O O O O
"वे कई विरोध प्रदर्शनों में शामिल रहे हैं, जिनमें से दो मशीन के विपरीत रोषी के समर्थन में हैं।",O O O O O O O O O O O B-GRP I-GRP I-GRP I-GRP O O O O
पांडुलिपि को ईसाई फ्रेडरिक मथाई द्वारा संकलित किया गया था।,O O B-PER I-PER I-PER O O O O O
"निशलिउ ने कहा कि यह एक काव्यात्मक वीडियो है, जिसमें उनके अनुसार, इसके घटकों के माध्यम से [. . . ] इस जीवन के बेतुकेपन को अमूर्त कला रूप में चित्रित करना चाहता है।",O O O O O O O O O O O O O O O O O O O O O O O O O O B-CW I-CW O O O O O O
"१९६४ में, वे न्यूयॉर्क का सिटी कॉलेज में एक संकाय सदस्य बने।",O O O B-GRP I-GRP I-GRP I-GRP O O O O O
अकादमी में उनके पियानो शिक्षक पाल कडोसा थे।,O O O O O B-PER I-PER O
"फ़्लोट्स अब पेपर मैशी से बने हैं और उनमें अलंकारिक या राजनीतिक विषय हैं, जिनमें कभी-कभी राजनीतिक या वास्तविकता की घटनाओं, प्रसिद्ध लोगों या लोकप्रिय संस्कृति की विशेषता होती है।",O O B-PROD I-PROD O O O O O O O O O O O O O O O O O O O O O O O O O O
"पिस्टल पाउडर धीमी गति से जलने वाले राइफल पाउडर को प्रज्वलित करता है, और इसे पिस्टल की सेहत के लिए की तरह बैरल से बाहर निकालता है।",O O O O O O O O O O O O O O O B-PROD I-PROD I-PROD I-PROD I-PROD O O O O O O O
यह किसी भी एनबीसीयूनिवर्सल थीम पार्क में एकमात्र ऐसा खेल का मैदान है।,O O O B-CORP O O O O O O O O O
"छवि: देहाविलैंडसीसी ११५बफ़ेलो१२। जेपीजी | प्रोपेलर ब्लेड के सिरों पर भंवर बन सकते हैं, जैसा कि इस डी हैविलैंड कनाडा डीएचसी-5 बफेलो पर देखा गया है।",O O O O O O O O O O O O O O O O O B-PROD I-PROD I-PROD I-PROD I-PROD O O O O
"४० से अधिक किस्म का चयन किया गया है, जिनमें शामिल हैं",O O O B-PROD O O O O O O O O
"रॉटेन टमेटोज़ पर, फिल्म की रेटिंग ८९% है, जो १५० समीक्षाओं के आधार पर ७.३ / १० की औसत रेटिंग के साथ है।",B-CORP I-CORP O O O O O O O O O O O O O O O O O O O O O
"ग्रीज़ के स्कूल प्रोडक्शन में एक उपस्थिति के बाद, यह सुझाव दिया गया कि वह नाटक स्कूल में भाग लें।",B-CW O O O O O O O O O O O O O O O O O O O
फिनलैंड के राष्ट्रीय अभिलेखागार के शोधकर्ताओं सहित समिति का कार्य २०१८ के अंत में समाप्त होगा।,B-GRP I-GRP I-GRP I-GRP O O O O O O O O O O O O
एल्बम ने स्वीडन में,O O B-LOC O
४३ पर चार्ट किया।,O O O O
डब ट्रायो . के साथ यूके की प्रमुख यात्रा,B-CORP I-CORP O O O O O O O
ज्वालामुखी वेधशाला एक संस्था है जो ज्वालामुखी का अनुसंधान और निगरानी करती है।,O O O O O O B-LOC O O O O O O
मोटर को २०१५ में एक सीमेंस एजी इलेक्ट्रिक मोटर से बदल दिया गया था।,O O O O O B-CORP I-CORP O O O O O O O
"बोरोटा ने कोचिंग में अपना हाथ आजमाया, लेकिन १९८० के दशक के दौरान दक्षिण अफ़्रीका में कई कम प्रोफ़ाइल नियुक्तियों से आगे नहीं निकल पाए।",O O O O O O O O O O O O O B-LOC I-LOC O O O O O O O O O O
"२००८ में, वे लुज़र्न में शामिल हुए, जहां उन्होंने १०० से अधिक शीर्ष उड़ान प्रस्तुतियां दीं।",O O O B-GRP O O O O O O O O O O O O
चार साल पहले ६७वां एनएचके कोहाकू उता गस्सेन के बाद पहली बार संस्करण जीता।,O O O B-CW I-CW I-CW I-CW I-CW O O O O O O
"उन्होंने अगले सप्ताह डैलस काउबॉयस के खिलाफ शुरुआत की, लेकिन एक और हैमस्ट्रिंग फ्लेयर के कारण खेल छोड़ दिया।",O O O B-GRP I-GRP O O O O O O O O O O O O O O
इसमें क्रेग किलबोर्न द्वारा होस्ट किए गए शो शामिल हैं।,O B-PER I-PER O O O O O O O
"वह १८९४ में फिर से राज्यपाल के लिए दौड़े, लेकिन विलियम एच. उफाम के लिए नामांकन हार गए।",O O O O O O O O O O B-PER I-PER I-PER O O O O O
उन्होंने क्लीवलैंड ब्राउन्स के लिए भी खेला।,O B-GRP I-GRP O O O O
"इमारत चार मंजिला है, और नीचे की मंजिल के साथ ईंट में बनी है प्लास्टर ।",O O O O O O O O O O O O O O B-PROD O
नेपोलियन बोनापार्ट के बाद से जेकेनबैक का जनसंख्या विकास नीचे दी गई तालिका में दिखाया गया है।,B-PER I-PER O O O O O O O O O O O O O O O
"ऑस्ट्रेलिया में एक रासायनिक उद्योग है, जिसमें कई शैल-रसायन का निर्माण शामिल है।",O O O O O O O O B-PROD O O O O
उन्होंने मुझे कसकर पकड़ें के कई टेक भी रिकॉर्ड किए।,O B-CW I-CW I-CW O O O O O O
उन्होंने महसूस किया कि पूर्णकालिक ईसाई मंत्रालय में प्रवेश करने से पहले एक पत्नी और भविष्य के परिवार का समर्थन करने के लिए एक व्यवसाय स्थापित करना आवश्यक था।,O O O O O B-GRP I-GRP O O O O O O O O O O O O O O O O O O O O O O
वह राजनेता के चाचा थे जियोर्जियो अलमिरांटे ।,O O O O O B-PER I-PER O
यह शब्द पुराने शब्द हार्डवेयर (अर्थात् भौतिक उपकरण) के विपरीत गढ़ा गया था।,O O O O B-PROD O O O O O O O O
ऑट्री ने अनुरोध किया था कि डिज़ाइन उस घर का अनुकरण करे जिसे उसने कोर्सिकाना में देखा था।,O O O O O O O O O O O O O O B-LOC O O O
"१९५१ में, फोर्ड फाउंडेशन ने संस्थान को अनुसंधान और विकास परियोजनाओं को पूरा करने के लिए $९४०,००० प्रदान किए।",O O B-GRP I-GRP O O O O O O O O O O O O O O O
"बाद में, पत्नी रसोई में चली जाती है जहां प्रशीतित्र खुलती है और उसे अंदर ले जाती है।",O O O O O O O O O B-PROD O O O O O O O O
"वे कोलोन में रहते हैं, जहां वे मनोरंजन कंपनी बड़ी मुस्कान के निदेशक हैं।",O B-LOC O O O O O O O O O O O O
"एक शाखा के साथ चेरी वैली , पूर्व सी एंड सीवी लाइन डी एंड एच मेनलाइन में एक ग्रामीण फीडर बन गई।",O O O O B-LOC I-LOC O O O O O O O O O O O O O O O O
"अध्ययनों में पाया गया कि सूखे बीजों में ३८% प्रोटीन होता है, जबकि सोयाबीन के लिए यह ४०% होता है।",O O O O O O O O O O O O O B-PROD O O O O O O
"कई वर्षों तक उन्होंने अपना खाली समय लैंकेयर विमान उड़ाने में बिताया, जिसे उन्होंने ८ वर्षों की अवधि में स्वयं बनाया था।",O O O O O O O B-CORP O O O O O O O O O O O O O O
त्से वेलिंग्टन में रहता और काम करता है।,O B-LOC O O O O O O
"२००७ तक बाल्टीमोर के शहर में १००,००० थे।",O O B-LOC O O O O O
स्टाउट ने दावा किया कि सफल होने के लिए उसके सिस्टम को कम से कम ८ इंच के मोटे पलवार की आवश्यकता है।,O O O O O O O O O O O O O O O O O O O B-PROD O O O
"यह शो २००२ से २००८ तक पीबीएस किड्स पर प्रसारित हुआ, २००९ तक चयनित स्टेशनों पर फिर से चलाया गया।",O O O O O O B-CORP I-CORP O O O O O O O O O O O O
एडुआर्डो मोंटेस-ब्रैडली द्वारा लिखित और निर्देशित।,B-PER I-PER O O O O
इसमें जेम्स कोनोली संग्रह भी शामिल है।,O B-PER I-PER O O O O
इसे १९७९ में कोलंबिया रिकॉर्ड्स पर जारी किया गया था।,O O O B-CORP I-CORP O O O O O
कबुत सूत्र उन्गु (बैंगनी रेशम की धुंध; १९८०),B-CW I-CW I-CW O O O O O
"२००६ में, माइक्रोसॉफ़्ट ने तीव्र आंतरिक आलोचना के बावजूद, एक जीवन शक्ति वक्र का उपयोग करना शुरू किया।",O O B-CORP O O O O O O O O O O O O O O O
उन्होंने २००० में सहायक मुख्य कोच और आक्रामक समन्वयक के रूप में विलियम पैटर्सन विश्वविद्यालय में एक सहायक कोचिंग पद स्वीकार किया।,O O O O O O O O O O O O B-GRP I-GRP I-GRP O O O O O O O
उन्होंने १९२४ में हंगेरियन स्टेट ओपेरा हाउस के साथ अपने संचालन की शुरुआत की।,O O O B-LOC I-LOC I-LOC I-LOC O O O O O O O
चरण २ में कोलोराडो रैपिड्स . द्वारा चयनित,O O O B-GRP I-GRP O O O
१९४७ से १९६६ तक उन्होंने १९५९ से १९६५ तक उनके गणित विभाग का नेतृत्व करते हुए रैंड कॉर्पोरेशन के लिए काम किया।,O O O O O O O O O O O O O O O O B-GRP I-GRP O O O O
"अपने पूर्ववर्ती की तरह, यह संबद्ध है करने के लिए ट्रेड यूनियनों के अंतर्राष्ट्रीय संघ ।",O O O O O O O O O O B-GRP I-GRP I-GRP I-GRP I-GRP O
इस जोड़ी को संचालित करने के लिए १८९६ में चार्ल्सटन और पश्चिमी कैरोलिना रेलवे का गठन किया गया था।,O O O O O O O O O B-CORP I-CORP I-CORP I-CORP I-CORP O O O O O
टुन का जन्म और पालन-पोषण एडिलेड में हुआ था।,O O O O O B-LOC O O O
"उन्हें अगले वर्ष सेंट जॉन्स में ग्रीष्मकालीन शिविर में आमंत्रित किया गया था, और शिविर में शीर्ष स्कोरर में से एक थे।",O O O B-LOC I-LOC O O O O O O O O O O O O O O O O O
"नॉर्वेजियन व्यंजन अपने पारंपरिक रूप में बड़े पैमाने पर नॉर्वे और इसके पहाड़ों, जंगल और तट में आसानी से उपलब्ध कच्चे माल पर आधारित है।",O O O O O O O O O B-LOC O O O O O O O O O O O O O O O
"१८७० में दूसरा फ्रांसीसी साम्राज्य के पतन में, मूर्ति अभी तक स्थापित नहीं हुई थी और सीमा शुल्क गोदाम में छिपी हुई थी।",O O B-LOC I-LOC I-LOC O O O O O O O O O O O O O O O O O O
उस आदमी ने एक पासिंग पुलिस की कार को झंडी दिखाकर रवाना किया और उन्हें सूचित किया कि उसे एक शव मिला है।,O O O O O B-PROD I-PROD I-PROD O O O O O O O O O O O O O O O
ऑडी तट (सी एंड आर) और ए३ कैब्रियो का बॉडीशेल निर्माण और पेंटिंग,B-PROD I-PROD O O O O O O O O O O O
फाइजर दवा कंपनी ने इसके निर्माण के अधिकारों के साथ-साथ विश्वविद्यालय से प्रोटोटाइप हासिल कर लिया।,B-CORP O O O O O O O O O O O O O O O
१६७४ से वे ड्रेसडेन के दरबार में कंसर्टमास्टर थे।,O O O B-LOC O O O O O
"शब्द की उत्पत्ति स्पष्ट नहीं है, लेकिन मुर्गी का अर्थ संभवतः मृत्यु का अर्थ था मुर्गी का उल्लेख करने के बजाय।",O O O O O O O O O O O O O O O B-PROD O O O O O
"मौतों के मामले में, दुर्घटना पांचवीं सबसे खराब श्रेणी में आती है, जिसमें इलुशिन इल-18 , शामिल है।",O O O O O O O O O O O O O B-PROD I-PROD O O O
वीएचएस रिलीज़ रोड शो होम वीडियो से थे:,O O B-CORP I-CORP I-CORP I-CORP O O
एक विशाल गियर है जो किर्बी मास अटैक में दिखाई देता है।,O O O O O B-CW I-CW I-CW O O O O
दोनों डिपार्टमेंट स्टोर अपनी-अपनी श्रृंखला में तीसरे फीनिक्स महानगरीय क्षेत्र स्थान थे।,O O O O O O O B-LOC I-LOC I-LOC O O
"पास्कल गेब्रियल - प्रोडक्शन, प्रोग्रामिंग, इंजीनियरिंग; मिश्रण; चांबियाँ",B-PER I-PER O O O O O O
"निर्माण के बाद, रेल इंजनों का परीक्षण मोडाने टोरीनो रेलवे लाइन के एक भाग पर किया गया।",O O O O O O O B-LOC B-LOC O O O O O O O O
"वांडा साइक्स , एक लेखक, हास्य अभिनेता, अभिनेत्री और आवाज कलाकार, २००८ में एक समलैंगिक के रूप में सामने आए।",B-PER I-PER O O O O O O O O O O O O O O O O O O
"इंजन रीनमेटॉल एजी , गर्लित्ज़ द्वारा बनाया गया था।",O B-CORP I-CORP O B-LOC O O O O
चार्ली स्ट्रॉन्ग - सहायक मुख्य कोच / सह रक्षात्मक समन्वयक / लाइनबैकर्स - छठा वर्ष,B-PER I-PER O O O O O O O O O O O O O
वह अपने अभियान विज्ञापनों में लाल रंग के ब्रेसिज़ पहनने के लिए जाने जाते थे।,O O O O O O O O B-PROD O O O O O O
एक्लिप्स में कोड कंप्लीशन टूल होते हैं जो प्रोग्राम के साथ पैक किए जाते हैं।,B-CW O O O O O O O O O O O O O O
टेट्रिस (यूरोप अनन्य) (निंटेंडो द्वारा लाइसेंस प्राप्त),B-CW O O O O O O
अधिकांश पीड़ित प्रिंसेस हाईवे पर यात्रा करते समय तेज गति से बढ़ती घास की आग में फंस गए थे।,O O B-LOC I-LOC O O O O O O O O O O O O O O O
"एक शिकारी के रूप में, वह अंम्ब्रा नदी के आसपास खेल के लिए शिकार करते थे, जब उन्हें नदी के उस पार एक शांतिपूर्ण प्रायद्वीप मिला और वहां बस गए।",O O O O O O B-LOC I-LOC O O O O O O O O O O O O O O O O O O O O O O
समोआ में ७२ से ज्यादा लोगों की मौत हो चुकी है।,B-LOC O O O O O O O O O O
साप्ताहिक शो आईटीवी वेल्स और वेस्ट द्वारा प्रसारित किए जाते थे।,O O B-CORP I-CORP I-CORP I-CORP O O O O O
यह अंताल्या के उत्तर पश्चिम में १७ किलोमीटर की दूरी पर स्थित है।,O B-LOC O O O O O O O O O O O
,
"[ २००७.१२.०५ ] फ्लैश बैक (३७,९१५ प्रतियां बिकी)",O O O B-CW I-CW O O O
इस शब्द का प्रयोग कभी-कभी केवल एक कंप्यूटर सॉफ़्टवेयर स्थापित करने के संदर्भ में किया जाता है।,O O O O O O O B-PROD O O O O O O O O O
एफपी-45 मुक्तिदाता / हिरण बंदूक समान अवधारणा के विद्रोही हथियार।,B-PROD I-PROD O B-PROD I-PROD O O O O O
कॉलेज में दो शिक्षक समन्वयित हैं बड़ा बैंड विभिन्न कौशल स्तरों के खिलाड़ियों को समायोजित करना।,O O O O O O B-GRP I-GRP O O O O O O O O
"टीम के टूर्नामेंट के फाइनल मैच में डेनमार्क क्रिकेट टीम के खिलाफ उन्होंने १३९ गेंदों पर ८६ रन बनाए, जिससे उनकी टीम को पांच विकेट की जीत में मदद मिली।",O O O O O O O B-GRP I-GRP I-GRP O O O O O O O O O O O O O O O O O O O O
घाटी शहर की सीमा के बाहर लुकआउट माउंटेन पर है।,O O O O O O B-LOC I-LOC O O
"वातानुकूलन गर्म दिनों में परिचालन लागत कम कर दी गई थी और इसने परियोजना की पूंजीगत लागत के १७ मिलियन डॉलर को तुरंत बचाया, आंशिक रूप से अन्य रेट्रोफिटिंग के लिए धन दिया।",B-PROD O O O O O O O O O O O O O O O O O O O O O O O O O O O O O O O O
यह शो मुख्यधारा के मीडिया में सुपरस्टारडम की ओर उनकी यात्रा पर बिग फ्रीडिया का अनुसरण करता है।,O O O O O O O O O O O O B-PER I-PER O O O O
उनकी जल रंग की पेंटिंग होकेन संग्रह में जीवित हैं।,O O O O O B-LOC I-LOC O O O
"स्विस संघीय परिषद इग्नाज़ियो कैसिस ने कहा कि स्वतंत्रता, लोकतंत्र और राष्ट्रीय एकता उच्च सामान हैं और उन पर किसी भी हमले की निंदा की।",B-GRP I-GRP I-GRP B-PER I-PER O O O O O O O O O O O O O O O O O O O O
पश्चिम का जन्म लीसेस्टर में हुआ था।,O O O B-LOC O O O
कई लोगों का मानना ​​है कि यह झुकाव मोबाइल फोन के व्यापक प्रसार के कारण है।,O O O O O O O O B-PROD I-PROD O O O O O O
व्यावसायिक पत्रकारों का समाज ने इसे २००८ में पत्रकारिता में एक महत्वपूर्ण ऐतिहासिक स्थान माना।,B-GRP I-GRP I-GRP I-GRP O O O O O O O O O O O
बोरजिगिन कबीले ( ) की प्राथमिक पत्नी,B-PER O O O O O O
यह उस प्रांत के विघटन तक पूर्वी प्रान्त (कांगो) का हिस्सा था।,O O O O O O B-LOC I-LOC I-LOC O O O
जीनस को १८९८ में जॉर्ज फ्रांसिस हैम्पसन द्वारा खड़ा किया गया था।,O O O O B-PER I-PER I-PER O O O O O
"रोस्टगार्ड उस पत्रिका के लिए विरूप-चित्रण थे, जहां उन्होंने हास्य और राजनीति को मिलाना सीखा।",O O O O O B-CW O O O O O O O O O
कनिंघम ने उपयोगकर्ताओं को टिप्पणी करने और एक दूसरे के पाठ को बदलने की अनुमति देकर वन्नेवर बुश विचार विकसित किए।,O O O O O O O O O O O O O O O O B-PER I-PER O O O
इसका पहला प्रयोग १९२२ के खेल बनाम प्रतिद्वंद्वी प्रिंसटन विश्वविद्यालय में हुआ था।,O O O O O O O O B-GRP I-GRP O O O
इसे वीडियो गेम ग्रैंड थेफ्ट ऑटो: वाइस सिटी स्टोरीज में रेडियो पर एक ट्रैक के रूप में भी दिखाया गया है।,O O O B-CW I-CW I-CW I-CW I-CW I-CW O O O O O O O O O O O O
रेजाई ने नए सत्र की शुरुआत के.ए.एस. यूपेन पर ४-१ की जीत में ब्रेस बनाकर की।,O O O O O O B-GRP I-GRP O O O O O O O O
एल्बम में यूके / यूएस नंबर एक हिट डोंट यू वांट मी सहित चार हिट एकल शामिल थे।,O O O O O O O O B-CW I-CW I-CW I-CW O O O O O O
एयर पार्क-डलास एयरपोर्ट को १९६५ में शहर की सीमा के भीतर एक सार्वजनिक नागरिक हवाई पट्टी के रूप में बनाया गया था।,B-LOC I-LOC I-LOC O O O O O O O O O O O O O O O O O O O
इसे २००८ में बैंड के पिछले तीन एल्बमों की तरह कान का दर्द रिकॉर्ड पर रिलीज़ किया गया था।,O O O O O O O O O O B-CORP I-CORP I-CORP I-CORP O O O O O
"इस रिकॉर्ड ने कई संगीत ब्लॉगों की शीर्ष ५० सूचियों में जगह बनाई, जिसे एक कहा जाता था। . .सुंदर इंडी पॉप खजाना, और सकारात्मक रूप से द फीलीज़ से तुलना की गई।",O O O O O O O O O O O O O O O O O O O O O O O O O O O B-GRP I-GRP O O O O
"यूनियन साइक्लिस्ट इंटरनेशनेल , साइक्लिंग की अंतरराष्ट्रीय शासी निकाय, ने अपने फैसलों में किसी भी शब्द का उल्लेख नहीं किया है।",B-GRP I-GRP I-GRP O O O O O O O O O O O O O O O O O O
भूमि क्षेत्र के हिसाब से सबसे बड़ी नगरपालिका अल्लागाशो का शहर है।,O O O O O O O O B-LOC O O O
बयानटेली अब ग्लोब टेलीकॉम की सहायक कंपनी के रूप में कार्य करता है।,O O B-CORP I-CORP O O O O O O O O O
मिडफील्डर को २०१६ की गर्मियों में जोंग अजाक्सी में पदोन्नत किया गया था।,O O O O O O B-GRP I-GRP O O O O O
श्रृंखला को स्टूडियो में रेडिओ टिलिफ़िस ईरेन्ने पर और कई अन्य स्थानों पर फिल्माया गया जब निर्देशकों ने फिट देखा।,O O O O B-CORP I-CORP I-CORP O O O O O O O O O O O O O
प्रयास एपिसोड २ सीरीज २,B-CW O O O O
किंग आठ साल की उम्र में नॉर्विच सिटी एफ.सी. युवा प्रणाली में शामिल हो गए।,O O O O O O B-GRP I-GRP I-GRP O O O O O O
"जावानी - गेस्ट वोकल्स ( १ , ४ )",B-PER O O O O O O O O
कंपनी ने अमेरिकी बाजार में उत्पाद के व्यावसायीकरण के लिए धन जुटाने के लिए बायोमेडिकल एडवांस्ड रिसर्च एंड डेवलपमेंट अथॉरिटी (बरदा) के साथ काम किया।,O O O O O O O O O O O O O O B-GRP I-GRP I-GRP I-GRP I-GRP I-GRP O O O O O
"चौदह वर्ष की आयु में, उनके पिता परिवार को पर्ल नदी ले गए, जहां उन्होंने हाई स्कूल में भाग लिया, १९७८ में स्नातक किया।",O O O O O O O O O B-LOC I-LOC O O O O O O O O O O O O O
गैल्गो पतले ड्रम की खाल का भी उपयोग करता है और दो बामबूसोईडी स्टिक से मारा जाता है जिसे चाई कहा जाता है लेकिन मैलेट के आकार का गुंगचा का उपयोग नहीं किया जाता है।,O O O O O O O O O O O O B-PROD O O O O O O O O O O O O O O O O O O O O O O
१९८४ में चर्च को ऐतिहासिक स्थलों का राष्ट्रीय पंजीकरण में सूचीबद्ध किया गया था।,O O O O B-GRP I-GRP I-GRP I-GRP I-GRP O O O O O
कीथ ने अधिकतम ईंधन तेल ले लिया जिससे उसे पर की रेंज मिली।,O O O B-PROD I-PROD O O O O O O O O
"अवेर्नास एक क्लासिक पाचन है, जिसे अक्सर चट्टानों पर या साफ-सुथरा परोसा जाता है।",O O O B-PROD O O O O O O O O O O
गीत के साथ एक वीडियो संगीत बनाया गया था।,O O O O B-CW I-CW O O O
उन्होंने अमेरिकन ब्रोडकास्टिंग कंपनी समाचार संचालन के लिए एक रिपोर्टर के रूप में भी काम किया।,O B-CORP I-CORP I-CORP O O O O O O O O O O O O
"'अब्द अल्लाह इब्न' अब्बास' (सी। ६१९ - सी। ६८७), न्यायविद और धर्मशास्त्री",B-PER I-PER I-PER I-PER O O O O O O O O
"१८०१ में, वह इमैनुएल हल्गान के अधीन थी।",O O O B-PER I-PER O O O
वर्तमान में १९ मार्गों पर रंगस सतिक्समे द्वारा २६४ ट्रॉलीबस संचालित हैं।,O O O O O B-CORP I-CORP O O O O O
उन्होंने हैब्ती में एक पेंगुइन को आवाज दी।,O B-CW O O O O O O
न्यूकैसलगेटहेड सूचना पृष्ठ न्यूकैसल अंतर्राष्ट्रीय हवाई अड्डा वेबसाइट पर,O O O B-LOC I-LOC I-LOC I-LOC O O
पान दे युका (कसावा के आटे से बनी बेक्ड चीज़ ब्रेड),B-PROD I-PROD I-PROD O O O O O O O O
"हालांकि, ट्राइपॉड्स और बन्सन बर्नर को होट प्लैट द्वारा अप्रचलित बना दिया गया है, जिन्हें ज्वाला के साथ कोई सीधा संपर्क नहीं होने के कारण सुरक्षित माना जाता है।",O O O O O O B-PROD I-PROD O O O O O O O O O O O O O O O O O O O O O
"सर्दियों में, सर्कस नियमित शो के बजाय मूकाभिनय का मंचन करता है।",O O O O O O O B-CW O O O O
"चाइना यूनीकॉम , दुनिया के अग्रणी मोबाइल प्रदाता में से एक,",B-CORP I-CORP O O O O O O O O O
"रॉटेन टमेटोज़ पर, ८१ दृश्यों के आधार पर इसका औसत स्कोर ७८% है।",B-CORP I-CORP O O O O O O O O O O O
अक्सर उन जगहों के आसपास दिखाई देता है जहां सीप बढ़ रहे हैं।,O O O O O O O O O B-PROD O O O
डैरेल वाल्ट्रिप ने १११.०६८ मील प्रति घंटे की रफ्तार से पोल जीत लिया।,B-PER I-PER O O O O O O O O O O O
"कुछ चिंता है कि उसके कुछ अनुवाद, विशेष रूप से लेव तोलस्तोय आन्ना करेनिना का अधूरा अनुवाद, वास्तव में उनके पति द्वारा अनुवादित किया गया था।",O O O O O O O O O O B-PER I-PER B-CW I-CW O O O O O O O O O O O O
"कैम्ब्राई के गॉडफ्रे (११वीं सदी), पूर्व और कवि",B-PER I-PER I-PER O O O O O
"हालांकि, कुछ क्षेत्रों में सार्वजनिक बुलेटिन बोर्ड होते हैं जहां नोटिस पोस्ट किए जा सकते हैं।",O O O O O B-PROD I-PROD O O O O O O O O O
"२००६ में, उन्होंने बिंगो शीर्षक से अपना पहला एकल एल्बम जारी किया।",O O O B-CW O O O O O O O O
बाद में उन्होंने इसके सीक्वल श्रेक २ का सह निर्देशन किया।,O O O O O B-CW I-CW O O O O
वे एक क्लासिक माँस पेशी की गाड़ी ढूंढते हैं और उसे चुरा लेते हैं।,O O O B-PROD I-PROD I-PROD I-PROD O O O O O O O
"बाद में, उन्होंने ऊर्जा उद्योग में काम किया और एंजी इलेक्ट्राबेल के बोर्ड में काम किया।",O O O O O O O O O B-CORP I-CORP O O O O O
१९५८ में पैगी ली द्वारा एक प्रसिद्ध कवर संस्करण रिकॉर्ड किया गया था।,O O B-PER I-PER O O O O O O O O O
"वह २०१५ से २०२० तक व्यापार, ऊर्जा और औद्योगिक रणनीति विभाग थे।",O O O O O B-GRP I-GRP I-GRP I-GRP I-GRP I-GRP O
"ऑर्गनाइज़ेशन इंटरनेशनेल डेस कंस्ट्रक्टर्स डी'ऑटोमोबाइल्स ५० से अधिक देशों में गिना जाता है जो ऑटोमोबाइल को इकट्ठा, निर्माण या प्रसार करते हैं।",B-CORP I-CORP I-CORP I-CORP I-CORP O O O O O O O O O O O O O O O O O
"उन्होंने एक विस्तृत छह मॉनिटर सेटअप के साथ एक गेमिंग कंप्यूटर का निर्माण किया, जिसकी कीमत दसियों हज़ार अमेरिकी डॉलर थी।",O O O O O O O O O B-PROD I-PROD O O O O O O O O O O
आज का चर्च १७३८ में पूर्व के बाकी हिस्सों का उपयोग करके बनाया गया था बौद्ध मठ जो ज्यादातर १७३७ में जीर्ण-शीर्ण होने के कारण टूट गया था।,O O O O O O O O O O O O O O O B-GRP I-GRP O O O O O O O O O O O
धारावाहिक में नवीन कुमार गौड़ा जैसी हस्तियां भी दिखाई गईं।,O O B-PER I-PER I-PER O O O O O
"शीर्ष पॉर्सिलेन से बना होता था, लेकिन अब प्लास्टिक से बना है।",O B-PROD O O O O O O O O O O
"छवि: टायरास वालिस फैन डिपॉजिट। जेपीजी | टायरास वालिस फैन डिपॉजिट, जैसा कि हायराइज द्वारा देखा गया है।",O O O O O O O O O O O O O B-PROD O O O O
"इसमें कुचले हुए बिस्कुट , या राइस पफ शामिल हैं।",O O O B-PROD O O O O O O
समूह ने कैपिटल रिकॉर्ड्स पर हस्ताक्षर किए और अपने पहले एल्बम पर काम शुरू किया।,O O B-CORP I-CORP O O O O O O O O O O O
"यह आमतौर पर सांभर की तुलना में कम पानीदार होता है, लेकिन सूखे स्टर फ्राई की तुलना में अधिक होता है।",O O O B-PROD O O O O O O O O O O O O O O O O O
एबियोजेनिक मीथेन का उत्पादन छोटे पैमाने पर होता है और आवश्यक रासायनिक प्रतिक्रियाओं के लिए कार्बनिक पदार्थ की आवश्यकता नहीं होती है।,O O O O O O O O O O O O O O O B-PROD I-PROD O O O O O
"ये मूल रूप से थीम संगीत ट्रैक थे, साउंडट्रैक एल्बम में शामिल नहीं थे।",O O O O B-CW I-CW O O O O O O O O
इसे १९७४ में ऐतिहासिक स्थलों का राष्ट्रीय पंजीकरण पर सूचीबद्ध किया गया था।,O O O B-GRP I-GRP I-GRP I-GRP I-GRP O O O O O
आने वाले जलवायु परिवर्तन के शुरुआती संदर्भों में ऐंग्लो-सैक्सन क्रानीकल दिनांक १०४६ में एक प्रविष्टि है:,O O O O O O O O B-CW I-CW O O O O O O
"सभी टेप प्रारूपों में, एक टेप ड्राइव टेप को एक रील से दूसरी रील में घुमाने के लिए मोटरों का उपयोग करता है, टेप हेड्स के ऊपर से गुजरते हुए पढ़ने, लिखने या हिलने पर मिटाने के लिए।",O O O O O B-PROD I-PROD O O O O O O O O O O O O O O O O O O O O O O O O O O O O O O O
मैग्नस मोअन (पदकों की कुल संख्या से),B-PER I-PER O O O O O
हिपनोसिस मूल एल्बम स्लीव डिज़ाइन,B-CORP O O O O
कच दो या दो से अधिक प्लेटों के बीच कुछ दूरी पर स्थित कवच की श्रेणी में आता है।,B-PROD O O O O O O O O O O O O O O O O O O
मैककॉचियन ने दक्षिणी कैलिफोर्निया विश्वविद्यालय में कॉलेज फ़ुटबॉल खेला।,O O B-GRP I-GRP I-GRP O O O O
इसे सीमित मात्रा में दबाया गया था ऑडियो कैसेट और सभी ट्रैक संस्करण बाद के रिलीज वाले संस्करणों से अलग हैं।,O O O O O O O B-PROD I-PROD O O O O O O O O O O O O
"कविता अष्टकणीय में प्रचलित तुकबंदी का एक बढ़ता हुआ एकालाप है, जो सांसारिक जुनून को पीछे छोड़ने और इसे स्वर्गीय प्रेम में बदलने के अपने विषय के साथ चला रहा है।",O B-CW O O O O O O O O O O O O O O O O O O O O O O O O O O O O O
समझौता आज के कोस्टेनेट्स नगर पालिका में पहला था।,O O O B-LOC I-LOC I-LOC O O O
"उनका सबसे बड़ा बेटा, कौकब नूरानी ओकारविक , अपने पिता के धार्मिक कार्य को जारी रखता है।",O O O O B-PER I-PER I-PER O O O O O O O O O O
कार्यकारी निर्माता कार्लटन क्यूसे ने इसे हड़ताल के अनपेक्षित सकारात्मक परिणाम के रूप में उद्धृत किया।,O O B-PER I-PER O O O O O O O O O O O O
"नकारात्मक पक्ष यह है कि हथियार पर अधिक पहनावा होता है, जिसके कारण अंततः सेवा लाहटी एल-35 को सेवा से वापस ले लिया जाता है।",O O O O O O O O O O O O O O O B-PROD I-PROD O O O O O O O O
"सवाना , २०१३ की फैमिली हिस्ट्री ड्रामा फिल्म",B-CW O O O O O O O
फोंडे नॉक्सविले के मूल निवासी थे।,O B-LOC O O O O
इसका नाम संभवतः ग्राफ्टन शहर के नाम पर रखा गया था।,O O O B-LOC O O O O O O O
"१९८० के दशक के मध्य में, कई छोटी कारों (कुछ दो कार वर्गीकरण छोटी) में मानक के रूप में पांच स्पीड गियरबॉक्स थे।",O O O O O O O O O O O B-PROD I-PROD O O O O O O O O O O
पास के पलाज्जो सैन फेलिस का श्रेय उसी वास्तुकार को जाता है और इसमें समान सीढ़ियां होती हैं।,O O B-LOC I-LOC I-LOC O O O O O O O O O O O O O
शॉनबैक ने १९३२ से १९३७ तक सीबीएस ऑर्केस्ट्रा के लिए स्टाफ बेसूनिस्ट का पद संभाला।,O O O O O O B-CORP O O O O O O O O
"हैरी पॉटर और अज़्काबान का क़ैदी को २००४ में रिलीज़ किया गया था, जिसने $ ७९६ मिलियन से अधिक की कमाई की और आलोचकों की प्रशंसा अर्जित की।",B-CW I-CW I-CW I-CW I-CW I-CW O O O O O O O O O O O O O O O O O O O O O O
मैच का प्रसारण टेलीविसो इंडिपेंडेंट पर किया गया था।,O O O B-CORP I-CORP O O O O
उनके बेटों ने फिल्म स्पाई किड्स में स्टंट कलाकार के रूप में भी काम किया है।,O O O O B-CW I-CW O O O O O O O O O O
यात्री का जन्म १९६१ में हुआ था और उनका पालन-पोषण ओसाकिसो में हुआ था।,O O O O O O O O O O B-LOC O O O
"इसका निर्माण कार्यकर्ता सहकारी द्वारा किया गया था, जिन्हें कोई दुर्घटना नहीं हुई।",O O B-CORP I-CORP O O O O O O O O O
उसने पॉडकास्ट पर पहली अतिथि को आमंत्रित किया था केंट ओसबोर्न ।,O O O O O O O O O B-PER I-PER O
जेटीएस ने शुरू में सुवाह्य संगणक के लिए एक नए ३ फॉर्म फैक्टर ड्राइव पर ध्यान केंद्रित किया।,O O O O B-PROD I-PROD O O O O O O O O O O O O
"फ़ाइल : फ्लोरेस डी लुपिनो (उशुआइया) जेपीजी | सजावटी ल्यूपिन , उशुआइया , अर्जेण्टीना",O O O O O O O O O O O B-LOC O B-LOC
"संयुक्त राज्य जनगणना ब्यूरो के अनुसार, गांव का कुल क्षेत्रफल, सभी भूमि है।",B-GRP I-GRP I-GRP I-GRP O O O O O O O O O
यू.एस. द्वारा एक विज्ञापन नेशनल इंस्टीट्यूट ऑफ हेल्थ,O O O O B-GRP I-GRP I-GRP I-GRP
इसे १९८८ में ऐतिहासिक स्थलों का राष्ट्रीय पंजीकरण पर सूचीबद्ध किया गया था।,O O O B-GRP I-GRP I-GRP I-GRP I-GRP O O O O O
टोनी ओलिवा खराब घुटनों ने उसे केवल १० गेम तक सीमित कर दिया।,B-PER I-PER O O O O O O O O O O O
अब चैनल ९ पर एक सीबीएस सहयोगी है,O O O O O B-CORP O O
"संयुक्त अरब अमीरात में अधिकारियों ने रेडबैक स्पाइडर के निवासियों और आगंतुकों को चेतावनी दी है, जो १९९० से मौजूद हैं।",B-LOC I-LOC I-LOC O O O O O O O O O O O O O O O O O O
इसका वर्णन सबसे पहले वनस्पतिशास्त्री ह्यूग अल्गर्नन वेडेल ने १८५४ में किया था।,O O O O O B-PER I-PER I-PER O O O O O
"२०११ के स्थानीय सरकार के सुधार के बाद से यह नगर पालिका का हिस्सा है एर्मियोनिडा नगर पालिका , जिसमें से यह सीट और एक नगरपालिका इकाई है।",O O O O O O O O O O O O O O O B-LOC I-LOC I-LOC O O O O O O O O O O
"एरिक रामिरेज़ को प्रतिस्थापित करते हुए, शारानी देर से दूसरे हाफ के विकल्प के रूप में आए।",B-PER I-PER O O O O O O O O O O O O O O O
"इसके विपरीत, बड़े पैमाने पर ( पीटर हिग्स ) मोड उत्तेजनाएं हैं",O O O O O O B-PER I-PER O O O O
"उपभोक्ता सहकारी समितियां, बदले में, सहकारी संघ बना सकती हैं।",O O O O O B-CORP I-CORP O O O
"दूसरे सीज़न के मध्य में, लेखन स्टाफ ने दावेदार के आधार से प्रेरणा लेना शुरू किया।",O O O O O O O O B-CW O O O O O O O
"चौड़ा होने पर, यह दुनिया का सबसे चौड़ा पुल था, और १९८८ में सूचीबद्ध किया गया था गिनीज़ वर्ल्ड रिकॉर्ड्स ।",O O O O O O O O O O O O O O O O O B-CW I-CW I-CW O
"रिकॉर्डिंग का एक संस्करण डीवीडी पर भी जारी किया गया था, और इसमें संगीत कार्यक्रम के फुटेज शामिल हैं।",O O O O B-PROD O O O O O O O O O O O O O O
"ह्यूग मुलज़ासी , मास्टर मेरिनर और नागरिक अधिकार कार्यकर्ता",B-PER I-PER O O O O O O O
"एक अन्य वेस्ट कोस्ट-आधारित रॉक बैंड, जेफरसन हवाई जहाज को इसी स्थिति में दो सप्ताह पहले गिरफ्तार किया गया था।",O O O O O O B-GRP I-GRP I-GRP O O O O O O O O O O O
बकले १९४६ में व्यवसाय से सेवानिवृत्त हुए और विक्टोरिया में चले गए।,O O O O O O O O B-LOC O O O
हाथ हरे रंग की पृष्ठभूमि पर तीन सफेद देखा ब्लेड दिखाते हैं।,O O O O O O O O B-PROD O O O
नाम की उत्पत्ति मेयो काउंटी से हुई है।,O O O B-LOC I-LOC O O O
१९२० के दशक के अंत में विकर्स लिमिटेड ने विनिवेश और विलय की एक श्रृंखला शुरू की क्योंकि इसने समूह की ताकत और लाभप्रदता में सुधार करने का प्रयास किया।,O O O O O O B-CORP I-CORP O O O O O O O O O O O O O O O O O O O O O O
"इससे पहले, वह लेस एल्गार्टो स्विंग बैंड के लिए रिदम सेक्शन का हिस्सा रह चुके हैं।",O O O B-PER I-PER O O O O O O O O O O O
"२०१६ में उन्होंने बीबीसी रेडियो 4 पर वैज्ञानिक ज्ञान के लघु, हास्य इतिहास की एक श्रृंखला लिखी और प्रस्तुत की, जिसका शीर्षक था एवरीथिंग वीव एवर नोन अबाउट। . .",O O O B-CORP I-CORP I-CORP O O O O O O O O O O O O O O O O O O O O O O O O
हिर्श ने अपने करियर की शुरुआत हापोएल हाइफ़ा एफ.सी. युवा प्रणाली से की थी।,O O O O O O B-GRP I-GRP I-GRP O O O O O
"एक किशोरी के रूप में मैकडरमोट खुद के साथ असहज थे, उन्होंने कहा कि उनके पास एक डोरोथी हैमिल केश है।",O O O O O O O O O O O O O O O O O B-PER I-PER O O
१८१३ में उनकी पत्नी की मृत्यु हो गई और केवल स्पेन के चार्ल्स प्रथम की मृत्यु के साथ ही वे १८३३ में लंबे समय से प्रतीक्षित पुनर्वास प्राप्त कर पाएंगे।,O O O O O O O O O O B-PER I-PER I-PER I-PER O O O O O O O O O O O O O O O O
मिल्क ने अपने घर के लिए कंककी नदी पर एक स्थान चुना।,O O O O O O B-LOC I-LOC O O O O
एमट्रैक ने मौजूदा रेल लाइन के उन्नयन का प्रस्ताव रखा ताकि उच्च गति वाली टैल्गो ट्रेनों की अनुमति दी जा सके।,O O O O O O O O O O O O O O B-CORP O O O O O O
"उन्होंने २४ सत्रों में .३६६ बल्लेबाजी की, ज्यादातर डेट्रायट टाइगर्स के साथ।",O O O O O O O O B-GRP I-GRP O O
"१९५८ में, द वॉशिंगटन पोस्ट ने अपने लेखकों को बेसबॉल खेल स्कोर करने से प्रतिबंधित कर दिया।",O O B-CORP I-CORP I-CORP O O O O O O O O O O O O
डब्यूक विश्वविद्यालय के पास हवाई अड्डे पर एक उड़ान संचालन केंद्र है जो स्कूल के विमानन कार्यक्रमों में पायलट प्रशिक्षण प्रदान करता है।,B-GRP I-GRP O O O O O O O O O O O O O O O O O O O O O
"२०११ के स्थानीय सरकार के सुधार के बाद से, यह नगरपालिका का हिस्सा है कारपेनिसि , जिसमें से यह एक नगरपालिका इकाई है।",O O O O O O O O O O O O O O B-LOC O O O O O O O O
एक कंप्यूटर . शुरू करने के लिए कुछ कठिन लात मारने के लिए निचले पैर को कवर करने वाले जूते,O B-PROD O O O O O O O O O O O O O O O O O O
२००६ में मौजूदा चल स्टॉक को नई ओएस एमएक्स३००० इकाइयों के साथ बदलने की शुरुआत हुई।,O O O O O O O B-PROD I-PROD O O O O O O O
उन्होंने लाल पर कई एल्बम जारी किए हैं।,O B-CORP O O O O O O
"२०२० सीज़न में, उन्होंने केवल ४ मैच खेले और ७० + औसत के साथ २१४ रन बनाए, जिसमें २ शानदार अर्धशतक शामिल हैं सनराइजर्स हैदराबाद के सलामी बल्लेबाज के रूप में।",O O O O O O O O O O O O O O O O O O O O O O O B-GRP I-GRP O O O O O O
"शैडो इन द डार्क, थीम सॉन्ग टू डेमनबेन प्लेस्टेशन २ गेम",O O O O O O O B-CW B-PROD I-PROD O
"वे और खत्म होता है चले गए, जहां १९४० में ७८ वर्ष की आयु में उनकी मृत्यु हो गई।",O B-LOC I-LOC I-LOC I-LOC O O O O O O O O O O O O O O
चैंपियनशिप एस्‍टन मार्टिन ने जीती थी।,O B-CORP I-CORP O O O
२००८ में उन्हें एक एसोसिएट प्रोफेसर के रूप में ड्यूक विश्वविद्यालय में काम पर रखा गया था।,O O O O O O O O O B-GRP I-GRP O O O O O O
कब्रिस्तान में ज्ञात दफनाने का एक व्यापक रिकॉर्ड एक कब्र खोजें पर पाया जा सकता है।,O O O O O O O O B-GRP I-GRP I-GRP O O O O O
"बेहतरीन घंटा , १९९१ की युद्ध ड्रामा फिल्म",B-CW I-CW O O O O O O
हेटफील्ड टोनी हॉक का प्रो स्केटर एचडी में खेलने योग्य पात्र है।,O B-CW I-CW I-CW I-CW I-CW I-CW O O O O O
यात्रियों के पास वातानुकूलन भी है।,O O O B-PROD O O
उन्होंने हैरो स्कूल और विदेशों में शिक्षा प्राप्त की थी।,O B-GRP I-GRP O O O O O O O
,
"क्रांति 9 (लेनन, मेकार्टनी) ४: २७",B-CW I-CW O O O O
यह कुल लंबाई के साथ सुंगई मम्बरमो की प्रमुख सहायक नदी में से एक है।,O O O O O B-LOC I-LOC O O O O O O O O
उनका एकमात्र विकेट आलराउंडर ट्रेवर बेली का था।,O O O O B-PER I-PER O O
इसे १९०६ में बनाया गया था और १९८२ में ऐतिहासिक स्थलों का राष्ट्रीय पंजीकरण में जोड़ा गया।,O O O O O O O O O B-GRP I-GRP I-GRP I-GRP I-GRP O O O
रूबल ट्रांसनिस्त्रिया की मुद्रा है और इसे १०० कोपेक में विभाजित किया गया है।,O B-LOC O O O O O O O O O O O O
"इरा कोलमैन - डबल बास (ट्रैक ४, ५, ७, ८ और ११)",B-PER I-PER O O O O O O O O O O
१९९६ में कुछ पड़ोसी संपत्ति की ऊपरी मंजिलों पर ९९९ साल वित्त पट्टा खरीदने से पहले विभिन्न विकल्पों की खोज में दस साल बिताने के बाद।,O O O O O O O O O O O B-PROD I-PROD O O O O O O O O O O O O O
कुमी अपने कोडा कुमी लाइव टूर २००५: फर्स्ट थिंग्स के लिए दोहराना के दौरान इस गीत का प्रदर्शन करेंगी।,O O B-CW I-CW I-CW I-CW I-CW I-CW I-CW O O O O O O O O O O
कोज़ी एक प्रारंभिक कंप्यूटर कॉन्फ्रेंसिंग सिस्टम था जिसे गुएल्फ़ी विश्वविद्यालय पर विकसित किया गया था।,O O O O O O O O B-GRP I-GRP O O O O O
खदान एक रेल लाइन से १६ किमी दूर है जो परियोजना को न्यूकैसल के कोयला बंदरगाह से जोड़ती है।,O O O O O O O O O O O O B-LOC O O O O O O
"केवल दो वर्षों के विकास के बाद, जेंद्रासिक सीएस-1 टर्बोप्रॉप इंजन का परीक्षण किया गया है।",O O O O O O O B-PROD I-PROD O O O O O O O
इसका ऑपरेटिंग सिस्टम एसयूएसई है।,O O O B-CW O
यह संभव है कि वह हॉपलाइट व्यूह के प्रवर्तक थे।,O O O O O O B-GRP O O O
बिगवुड का जन्म ब्रिस्टल में हुआ था।,O O O B-LOC O O O
"वह एक चिकित्सा चिकित्सक और क्रांतिकारी जनरल की साथी थीं, हुआंग जिंग ।",O O O O O O O O O O B-PER I-PER O
"नए विकसित डुकव के साथ परीक्षण किए गए, और यह निर्णय लिया गया कि प्रत्येक ब्रिगेड को उनमें से तीन से लैस किया जाना चाहिए।",O O B-PROD O O O O O O O O O O O O O O O O O O O O O O
"कुटलुशाह की जॉर्जिया का साम्राज्य में एक महत्वपूर्ण भूमिका थी, जहां उनके पास जमीन थी, और उनका परिवार प्रसिद्ध था।",O O B-LOC I-LOC I-LOC O O O O O O O O O O O O O O O
उनके एल्बम के रिलीज़ होने के तीन दिन बाद शिकागो आठवीं,O O O O O O O O O B-CW I-CW
उन्होंने तुर्की की कंपनियों के सबसे बड़े समूहों में से एक कोक होल्डिंग की स्थापना की।,O O O O O O O O O O O B-CORP I-CORP O O O
"आंतरिक भाग में सीढ़ियों के साथ एक गलियारा है जो एक गाना बजानेवालों के मचान की ओर जाता है, और मुख्य अभयारण्य में मूल बॉक्स प्यू है।",O O O O O O O O O O O O O O O O O O O O O O O O B-PROD I-PROD O
१९८८ में अटलांटिक रिकॉर्ड्स द्वारा बैंड पर हस्ताक्षर किए जाने के बाद इसे ५ ट्रैक हटा दिए गए और ४ ट्रैक जोड़े गए।,O O B-CORP I-CORP O O O O O O O O O O O O O O O O O O O
उनका ७६ वर्ष की आयु में अखरोट क्रीक में निधन हो गया।,O O O O O O B-LOC I-LOC O O O O
उन्होंने यह भी कहा कि उन्हें एल्बम से पहला एक जल्द ही रिलीज होने की उम्मीद है।,O O O O O O O O O B-CW O O O O O O O
"वह एक तंग, लंबी बाजू का अंगरखा और एक लबादा ( पल्ला ) पहनती है जो उसके कंधों पर खींचा हुआ है।",O O O O O O O O O O O B-PROD O O O O O O O O O O
"थाई मौसम विभाग के अंतिम आंकड़े ९३५ मौतों को रिकॉर्ड करते हैं, जो इसे देश के इतिहास का सबसे घातक उष्णकटिबंधीय चक्रवात बनाता है।",B-GRP I-GRP I-GRP O O O O O O O O O O O O O O O O O O O O O
वह एक परीक्षक के रूप में एबीआरएसएम के लिए अपना काम जारी रखेंगे।,O O O O O O B-CORP O O O O O O
उन्होंने रियल मैड्रिड सी. एफ़ के लिए ३७ प्रतिस्पर्धी खेलों में भाग लिया।,O B-GRP I-GRP I-GRP I-GRP O O O O O O O O
"लैब्रिंथ - निर्माता, संगीतकार, गीतकार, संबद्ध कलाकार, पृष्ठभूमि गायक, इलेक्ट्रो ध्वनिक अहसास, रिकॉर्डिंग इंजीनियर, स्टूडियो कर्मी",B-PER O O O O O O O O O O O O O O O
तब से उन्होंने स्काई स्पोर्ट्स के लिए पंडित के रूप में काम किया है।,O O O B-CORP I-CORP O O O O O O O O O
"प्रतियोगिता के अपने पहले वर्ष में वे नियमित सीज़न में दूसरे स्थान पर रहे, और लीग फ़ाइनल में पहुँचे, ४ गेम में मिस्कोलसी जेजेएसई से जीत हासिल की।",O O O O O O O O O O O O O O O O O O O O O O B-GRP I-GRP O O O O
"फाइनल में, पायसंदु एस.सी. के खिलाफ, पहले चरण में २ - १ से हार।",O O B-GRP I-GRP O O O O O O O O O O
"इसलिए, एक साल का साइडर सिरप अगले साल की तरह कभी नहीं होता है।",O O O O O B-PROD O O O O O O O O
वह राष्ट्रीय पर्यावरणीय स्वास्थ्य विज्ञान संस्थान में वरिष्ठ अन्वेषक हैं।,O B-GRP I-GRP I-GRP I-GRP I-GRP O O O O
"शिकागो टनल कंपनी , एक भूमिगत माल नेटवर्क का एक ऐतिहासिक उदाहरण",B-CORP I-CORP I-CORP O O O O O O O O O
नई मोटरों के साथ दी गई ट्राम में चार नार्स्क इलेक्ट्रिस्क और ब्राउन बोवरिक मोटर्स थे जिनका पावर आउटपुट .,O O O O O O O O O B-CORP I-CORP I-CORP I-CORP I-CORP O O O O O O
(बाद में बाउर ने आरोही उपभोक्ता पत्रिकाओं के अधिग्रहण के माध्यम से केरांग! का अधिग्रहण किया),O O O O B-CORP O O O O O O O O O O O
इंस्टेंस वर्चुअलाइज्ड या क्लाउड कंप्यूटिंग वातावरण में एक एकल आभासी मशीन को संदर्भित कर सकता है जो ऑपरेटिंग सिस्टम स्तर वर्चुअलाइजेशन प्रदान करता है,O O O O O O O O O B-CW I-CW O O O O O O O O O O O O O
२०१७ में एक ब्लू-रे डिस्क रिलीज हुई।,O O O B-PROD I-PROD O O
कोण चिकित्सा के निजीकरण का पक्षधर है।,O B-GRP O O O O O
बाद में उन्हें सोंग . के सम्राट यिंगज़ोंग द्वारा पदोन्नत किया गया।,O O O B-PER I-PER I-PER I-PER I-PER O O O O
अंतिम परत लगभग गोल्फ की गेंद के आकार के पत्थरों की होगी।,O O O B-PROD I-PROD I-PROD O O O O O O
विलियमसन ने अपने अकादमिक करियर की शुरुआत दक्षिणी कैलिफोर्निया विश्वविद्यालय से आर्थिक इतिहास पढ़ाते हुए की थी।,O O O O O O O B-GRP I-GRP I-GRP O O O O O O O
"एंटीकोस्टी द्वीप , क्यूबेक के ठीक उत्तर से गुजरते हुए,",B-LOC I-LOC O B-LOC O O O O O O
हिस्टोइरे डी मेलोडी नेल्सन १९७१ में जारी किया गया था।,B-CW I-CW I-CW I-CW O O O O O O
"१९९० के दशक की शुरुआत में ब्रिटिश रेल क्लास १५८ के वितरण के बाद, १५६ के दशक को कम महत्वपूर्ण सेवाओं के लिए कैस्केड किया जाने लगा।",O O O O O O B-PROD I-PROD I-PROD I-PROD O O O O O O O O O O O O O O O O O
"हालांकि, हुंडई इक्वस अधिक व्यावसायिक रूप से सफल साबित हुआ और २००८ में प्रतिस्थापित होने तक उत्पादन में रहेगा।",O B-PROD I-PROD O O O O O O O O O O O O O O O O
इसके बाद वे मार्टी कुक के नेतृत्व में चौकड़ी के सदस्य थे।,O O O B-PER I-PER O O O O O O O
"२०१८ में, वह ब्रेभ (ब्राउजर) में चले गए।",O O O B-CW I-CW O O O
"नेटफ्लिक्स के पास अन्य १८८ देशों में श्रृंखला के लिए स्ट्रीमिंग अधिकार हैं, और श्रृंखला के प्रत्येक एपिसोड को अपने यूएस डेब्यू के २४ घंटों के भीतर स्ट्रीमिंग के लिए रिलीज़ करता है।",B-CORP O O O O O O O O O O O O O O O O O O O O O O O O O O O O O O O O
इसका नाम इसकी रूपरेखा की समानता से एक धोडे की नाल रखा गया था।,O O O O O O O O B-PROD I-PROD I-PROD O O O
बरंगे में १६ साइटियो शामिल हैं:,O O O B-LOC O O
उसका नाम ट्रिअमिसु पर एक वाक्य है।,O O B-PROD O O O O
सभी छात्रों को स्कूल की पोशाक पहनना आवश्यक है।,O O O B-PROD I-PROD I-PROD O O O
"पुरस्कारों को शौकिया फिल्म और कंपनियों, साथ ही बड़े स्टूडियो और जातीय फिल्मों को पहचानने के लिए संरचित किया गया था।",O O B-CW I-CW O O O O O O O O O O O O O O O O O
"मिशिगन में, आपातकालीन सड़क सेवा वाहनों जैसे टो ट्रक को स्थिर होने पर ही लाल चेतावनी रोशनी का उपयोग करने की अनुमति है।",B-LOC O O O O O O O O O O O O O O O O O O O O O O
"संजीन रैखिक और गैर-खंडित हैं, लंबाई में लगभग एनसीबी.",B-PROD O O O O O O O O
"यूनाइटेड एयरलाइंस अब शोक किराए की पेशकश नहीं करता है, लेकिन अभी भी उड़ानों को बदलने और रद्द करने के लिए अधिक लचीले विकल्प हैं।",B-CORP I-CORP O O O O O O O O O O O O O O O O O O O O O O O
स्मिंट की कल्पना सबसे पहले १९९० में चुपा चुप्स ने की थी।,O O O O O O O B-CORP I-CORP O O O
"उनके पिता, गेब्रियल जेनर मनीला , एक प्रसिद्ध लेखक भी हैं।",O O B-PER I-PER I-PER O O O O O O
इसे २०१८ में एसिड जैज रिकॉर्ड्स पर जारी किया गया था।,O O O B-CORP I-CORP I-CORP O O O O O
रिच्ट ने १९७८ से १९८२ तक मियामी विश्वविद्यालय में खेला।,O O O O O O B-GRP I-GRP O O
"राहत पाने वाले परिवारों में लगभग १५% महिलाएं थीं, और युवा कार्यक्रम राष्ट्रीय युवा प्रशासन द्वारा अलग से संचालित किए जाते थे।",O O O O O O O O O O O O B-GRP I-GRP I-GRP O O O O O O O
"है मैं = युनाइटेड प्रेस इंटरनेशनल , कॉन्फ़्रेंस कोचों द्वारा चयनित",O O O B-CORP I-CORP I-CORP O O O O O
उनका नाम फिल्म नश्वर तूफान के एक पात्र के नाम पर रखा गया है।,O O O B-CW I-CW O O O O O O O O O
वह शो के उत्साही प्रशंसक बन गए और उन्हें कुछ ऐसे पहलवानों को आकर्षित करना शुरू करने के लिए प्रोत्साहित किया गया जिन्हें उन्होंने देखा था जैसे कि खूनी कार्ल क्रुप ।,O O O O O O O O O O O O O O O O O O O O O O O O O O O O B-PER I-PER I-PER O
"तिपहिया साइकिलों को रंगीन रंग से रंगा जा सकता है, जैसे जीपनी ।",O O O O O O O O O O O B-PROD O
"उदाहरण के लिए, ९वीं शताब्दी के उत्तरार्ध में स्काल्डिक कविता, रग्नारद्रप , पौराणिक दृश्यों के साथ चित्रित कुछ ढालों का वर्णन करती है।",O O O O O O O O O O B-CW O O O O O O O O O O O O
आलोचक जॉन रस्किन मध्ययुगीन सभी चीजों के प्रबल समर्थक थे और इन विचारों को लोकप्रिय बनाया।,O B-PER I-PER O O O O O O O O O O O O O
"एनबीसी ने अगले सीज़न के लिए शो को चुना, लेकिन एक सीज़न के बाद इसे फिर से रद्द कर दिया गया।",B-CORP O O O O O O O O O O O O O O O O O O O O
हम इस बात से इनकार नहीं कर सकते कि social security का परिचय एक सच्चाई है।,O O O O O O O O O B-GRP I-GRP O O O O O
संयुक्त राज्य अमेरिका में पेजेंट का सीधा प्रसारण एनबीसी पर किया गया था।,O O O O O O O O B-CORP O O O O
पहली बार फाइनल नए स्‍टैंड डी फोल्डर में खेला गया।,O O O O B-CORP I-CORP I-CORP O O O
विंटरबर्न ने मैनचेस्टर विश्वविद्यालय में भौतिकी का अध्ययन किया।,O O B-GRP I-GRP O O O O O
बमगर्नर अभिनेता के साथ दोस्त हैं जेसन मोमोआ ।,O O O O O O B-PER I-PER O
यह श्रृंखला शाम ५:३० बजे चैनल पर प्रसारित हुई और फिर इसे एसवीटी2 कहा गया।,O O O O O O O O O O O O B-CORP O O
वाइट स्टार लाइन ने १६ ढहने वाली नौकाओं को जोड़ा था जिन्हें जल्दी में तैनात किया जा सकता था,B-CORP I-CORP I-CORP O O O O O O O O O O O O O O O O
"कवर की बिन्दी का लोटा पत्रिका के पाठकों द्वारा आलोचना की गई, जिन्होंने इसे अब तक का दूसरा सबसे खराब कवर गीत बताया।",O O B-CW I-CW I-CW O O O O O O O O O O O O O O O O O O
पारेकोहाई का जन्म पोरीरुआ में हुआ था।,O O O B-LOC O O O
वर्तमान में इसकी रॉटेन टमेटोज़ पर २३% रेटिंग है।,O O O B-CORP I-CORP O O O O
आरटीवी ३१ क्रैनफील्ड विश्वविद्यालय पर समाप्त हुआ जहां इसे २० से अधिक वर्षों से खुले में रखा गया था।,O O B-GRP I-GRP O O O O O O O O O O O O O O O
मैरीलैंड रूट 185 (कनेक्टिकट एवेन्यू) गांव की कॉर्पोरेट सीमा के ठीक पश्चिम में इसी तरह की दिशा में गुजरता है।,B-LOC I-LOC I-LOC O O O O O O O O O O O O O O O O O
"निज़िंगा ब्लेक , अमेरिकी / सिएरा लियोन की अभिनेत्री और लेखिका",B-PER I-PER O O O O O O O O O
कई फोर्ड मॉडल ए को भी इस उद्देश्य के लिए परिवर्तित किया गया था।,O B-PROD I-PROD I-PROD O O O O O O O O O O
क्वालिफाइंग के दौरान निगेल मैन्सेल कमल ८१ के साथ टकराव के परिणामस्वरूप दोनों ड्राइवर ग्रिड बनाने में विफल रहे।,O O O B-PER I-PER B-PROD I-PROD O O O O O O O O O O O O
माल यार्ड साइट अब स्टेशन के लिए कार पार्क और एक वेट्रोज़ एंड पार्टनर्स सुपरमार्केट है।,O O O O O O O O O O O B-CORP I-CORP I-CORP O O
"यह देश का सबसे बड़ा मछली पकड़ने वाला बंदरगाह भी है, जो हिलसा में विशेषज्ञता रखता है।",O O O O O O O O O O O O B-PROD O O O O
डेसेरेट समाचार ने छवि को बदलने वाले गिटार और अत्यधिक तीव्र व्यवस्थाओं से भरे एल्बम को माना।,B-GRP I-GRP O O O O O O O O O O O O O O O
"रेडियो ने वेज़ मानचित्र एप्लिकेशन के साथ भी साझेदारी की है, जो यातायात की जानकारी प्रदान करता है।",O O B-PROD O O O O O O O O O O O O O O O
"ग्रेग कैंप के सभी गाने, सिवाय जहां नोट किया गया हो।",B-PER I-PER O O O O O O O O O
सभी परिणाम अंतर्राष्ट्रीय स्की संघ से लिए गए हैं।,O O B-GRP I-GRP I-GRP O O O O
"२०१२ में, इसका उपयोग द हंगर गेम्स: कैचिंग फायर फिल्मांकन के लिए किया गया था।",O O O O B-CW I-CW I-CW I-CW I-CW O O O O O O
बीबर ने अपने उत्तराधिकारी के रूप में जॉन स्वीनी की सफल उम्मीदवारी का पुरजोर समर्थन किया।,O O O O O O O B-PER I-PER O O O O O O O
इसका स्रोत कोड और अतिरिक्त सामग्री गिटहब पर उपलब्ध है।,O O O O O O B-CORP O O O
रोजर एबर्टे ने फिल्म को चार में से दो स्टार दिए।,B-PER I-PER O O O O O O O O O
इसे १९८३ में ऐतिहासिक स्थलों का राष्ट्रीय पंजीकरण पर सूचीबद्ध किया गया था।,O O O B-GRP I-GRP I-GRP I-GRP I-GRP O O O O O
"हालांकि, सभी वेशभूषा समकालीन हैं, ऐतिहासिक सटीकता को नजरअंदाज किया जा रहा है।",O O B-PROD O O O O O O O O O O
सीबीएस ने फिल्म के तीन रन के लिए ३.५ मिलियन डॉलर का भुगतान किया।,B-CORP O O O O O O O O O O O O O
हेडन का सबसे उल्लेखनीय सलामी जोड़ीदार जस्टिन लैंगर था।,O O O O O O B-PER I-PER O
"लव ने एकल वह अभयारण्य बेचता है को प्रदर्शित किया, जिसने बैंड को अंतरराष्ट्रीय दर्शकों से परिचित कराया।",O O O B-CW I-CW I-CW I-CW O O O O O O O O O O O
४८४ हजार टन रतालू (दुनिया में ८वां सबसे बड़ा उत्पादक);,O O O B-PROD O O O O O O
"वह अपने गृहनगर क्लब, ग्लेनवन एफ.सी. में २०१०-११ सीज़न के लिए एक सीज़न लॉन्ग लोन पर शामिल हुए।",O O O O B-GRP I-GRP O O O O O O O O O O O O
"उन्होंने तीन पूर्ण लंबाई वाले एल्बम जारी किए, दो स्वतंत्र रूप से जारी किए गए और एक टच एंड गो रिकॉर्ड्स के माध्यम से जारी किया गया।",O O O O O O O O O O O O O O O O O B-CORP I-CORP I-CORP I-CORP O O O O O O
यह कोर्फू द्वीप के उत्तर-पश्चिमी कोने में स्थित है।,O B-LOC O O O O O O O
: एक युवा वेश्या की कविता जो अपने बेटे को खो देती है; सैवेज डिटेक्टिव्स . में एक ही नाम और पृष्ठभूमि का एक वर्ण दिखाई देता है,O O O O O O O O O O O O O B-CW I-CW O O O O O O O O O O O O O
"रॉटेन टमेटोज़ पर, फिल्म का वर्तमान में १९ समीक्षाओं के आधार पर ४२% का स्कोर है।",B-CORP I-CORP O O O O O O O O O O O O O O
"बायरामोग्लु अरदाहं , अर्दहन प्रांत , तुर्की में एक गांव है।",O B-LOC O B-LOC I-LOC O B-LOC O O O O
"इस अवधि के दौरान, मिशनरी गतिविधि टोक्यो में केंद्रित थी।",O O O O O O B-LOC O O O
लोगो प्रदर्शित होने के बाद एक अंतिम दृश्य दिखाता है कि एक आदमी एक मरे हुए दुश्मन के शरीर से लाइटर उठा रहा है।,O O O O O O O O O O O O O O O O O O O O B-PROD O O O
रेजिन एक स्त्रीलिंग नाम है।,B-PER O O O O
१९८१ में उन्होंने येरुशलम का इब्रानी विश्वविद्यालय में एक अतिथि प्रोफेसर के रूप में एक वर्ष बिताया।,O O O B-GRP I-GRP I-GRP I-GRP O O O O O O O O O O
डेविड एटनबरो ने इसे 'शानदार: विज्ञान बिना किसी उच्च फालुतिन' तकनीक के रूप में वर्णित किया।,B-PER I-PER O O O O O O O O O O O O O O
चरित्र कला और एनिमेशन वेफॉरवर्ड टेक्नोलॉजीज द्वारा किए गए थे।,O O O O B-CORP I-CORP O O O O
"इन वर्षों में, टूर्नामेंट ने खुद को फीफा समर्थन के साथ एक अत्यधिक सम्मानित कार्यक्रम के रूप में स्थापित किया है।",O O O O O O O B-GRP O O O O O O O O O O O O O
"टीम फ्लाइंग हेलिश उर्फ ​​स्टेल्थ बकेट: ४० घंटे, ५९ मिनट (२००० ब्यूक रीगल एलएस) बजट: $ १४७८.७७",O O O O O O O O O O O B-PROD I-PROD O O O O
उदाहरण के लिए लगभग सभी कंप्यूटरों में एक शक्ति आपूर्ति शामिल होता है जिसमें सर्किटरी शामिल होती है जो डेटा प्रोसेसिंग में शामिल नहीं होती है बल्कि डेटा प्रोसेसिंग सर्किट को शक्ति प्रदान करती है।,O O O O O O O O B-PROD I-PROD O O O O O O O O O O O O O O O O O O O O O O O O O
"२०१३ में सी.एस. मैरिटिमो द्वारा हस्ताक्षर किए जाने से पहले, उन्हें लगातार विभिन्न क्लबों में ऋण दिया गया था।",O O B-GRP I-GRP O O O O O O O O O O O O O O O
गंकस्टा एन-आई-पी - विशेष रुप से प्रदर्शित कलाकार (ट्रैक ५),B-PER I-PER O O O O O O O O
उन्होंने यूनिवर्सिटी डे मॉन्ट्रियल से पोषण में डॉक्टरेट की उपाधि प्राप्त की है।,O B-GRP I-GRP I-GRP O O O O O O O O O
"पहला बेसबॉल कार्ड १८६० के दशक के अंत में एक खेल सामग्री कंपनी द्वारा मुद्रित व्यापार कार्ड थे, उस समय बेसबॉल एक पेशेवर खेल बन गया था।",O B-PROD I-PROD O O O O O O O O O O O O O O O O O O O O O O O O
एक छत्र एक प्रकार का छाता है जो सूर्य से सुरक्षा के लिए बनाया गया है।,O O O O O B-PROD O O O O O O O O O O
इसका स्वामित्व और प्रबंधन कैडिलैक फेयरव्यू (सीएफ) द्वारा किया जाता है।,O O O O B-CORP I-CORP O O O O O
"इस पाठ को संयुक्त राष्ट्र शैक्षिक, वैज्ञानिक और सांस्कृतिक संगठन द्वारा वैश्विक खजाने के रूप में घोषित किया गया है।",O O O B-GRP I-GRP I-GRP I-GRP I-GRP I-GRP I-GRP O O O O O O O O O O
इसे १९८५ में ऐतिहासिक स्थलों का राष्ट्रीय पंजीकरण में जोड़ा गया था।,O O O B-GRP I-GRP I-GRP I-GRP I-GRP O O O O
"रॉबर्ट आर्थर , अभिनेता और समलैंगिक अधिकार कार्यकर्ता",B-PER I-PER O O O O O O
"१९९८ में, वह सॉफ्टवेयर विकास पर काम करने के लिए रोम में चले गए।",O O O O O O O O O O B-LOC O O O
फाइल: बी३ क्लास। पीएनजी | एक टी13 प्रतियोगी . के लिए कार्यात्मक दृष्टि का विज़ुअलाइज़ेशन,O O O O O O B-GRP O O O O O O O O
इसका एक बड़ा पुर्तगाली समुदाय और एक विशिष्ट महानगरीय चरित्र है।,O O O B-PER O O O O O O O
समुदाय लगभग लास वेगास से स्थित है।,O O B-LOC I-LOC O O O
एक डॉकयार्ड एक ऐसी जगह है जहां जहाजों का निर्माण और मरम्मत की जाती है।,O B-CORP O O O O O O O O O O O O O
"२००७ में, स्टोर ने निनटेंडो वी को जमा करने के लिए कुछ विवाद खड़ा किया।",O O O O B-CORP B-PROD O O O O O O O O O
इसका प्रोजेक्ट साइंटिस्ट अलेक्जेंडर वी. ज़खारोव था।,O O O B-PER I-PER I-PER O
"चोट से उबरने के बाद, उन्हें बिंघमटन रंबल टट्टू को सौंपा गया।",O O O O O O B-GRP I-GRP I-GRP O O O
स्वास्थ्य सेवा व्यवसाय इकाइयों को कोविदियन नाम से बंद कर दिया गया।,O O O O O B-CORP O O O O O O
"उन्होंने सेंट कैथरीन कॉलेज, कैम्ब्रिज , कैम्ब्रिज विश्वविद्यालय में शिक्षा प्राप्त की थी।",O B-LOC I-LOC I-LOC I-LOC O B-GRP I-GRP O O O O O
एक सत्रहवीं शताब्दी के लिए कढ़ाई के पूरा होने पर कास्केट प्रोजेक्ट के लिए काम को एक बढ़ई के पास घुड़सवार और इकट्ठा करने के लिए भेजा गया था।,O O O O O O O O O O B-PROD O O O O O O O O O O O O O O O O O O
अपने जीवन के अंत में उन्हें पॉल वेरलाइन विश्वविद्यालय - मेट्ज़ो में समाजशास्त्र का प्रोफेसर नियुक्त किया गया था।,O O O O O O B-GRP I-GRP I-GRP I-GRP I-GRP O O O O O O O O
एक पतंगबाज को बिजली पतंग . द्वारा पानी के पार खींचा जाता है,O O O B-PROD I-PROD O O O O O O O O
ट्रुली जीपी पहले दो इवेंट के लिए अपने नए ड्राइवट्रेन में प्रवेश करने में विफल रहने के बाद चैंपियनशिप से हट गए।,B-GRP I-GRP O O O O O O O O O O O O O O O O O O O O
"ग्रैंड टूरर कारों को भी भाग लेने की अनुमति दी गई थी, हालांकि उन्हें चैंपियनशिप स्टैंडिंग में शामिल नहीं किया गया था।",B-PROD I-PROD O O O O O O O O O O O O O O O O O O O O
वे मध्य-पूर्वी एथलेटिक सम्मेलन के सदस्य हैं।,O B-GRP I-GRP I-GRP O O O
हमारी दुनिया एक आभासी ऑनलाइन दुनिया को विभिन्न प्रकार की आकस्मिक खेल गतिविधियों के साथ जोड़ती है।,O O O O O O O O O O B-CW I-CW O O O O O
"वे लंबे समय से स्थापित प्रतिद्वंद्वी उत्पाद प्रिंस पोलो के समान हैं, और वर्षों से कई अलग-अलग किस्मों में जारी किए गए हैं।",O O O O O O O B-PROD I-PROD O O O O O O O O O O O O O O
"व्लाडो डिमोव्स्की , अर्थशास्त्री , राजनीतिज्ञ और विश्वविद्यालय के प्रोफेसर",B-PER I-PER O O O O O O O O
व्हिटेकर प्रत्तो के दक्षिण में है।,O B-LOC O O O O
यह केवल पेरू में पाया जाता है।,O O B-LOC O O O O
"यह नए वाहनों, इस्तेमाल किए गए वाहनों और स्पेयर पार्ट्स के साथ-साथ रेनॉल्ट-निसान-मित्सुबिशी एलायंस कार संदर्भ के लिए अल्पकालिक नकद आवश्यकताओं को भी वित्तपोषित करता है।",O O O O O O O O O O O O O O B-CORP I-CORP O O O O O O O O O O
यह अपने प्रवक्ता के रूप में व्हूपी गोल्डबर्ग होने के लिए प्रसिद्ध था।,O O O O O O B-PER I-PER O O O O O
कभी-कभी नारियल के दूध की मिठास के आधार पर एक स्पर्श पाम शुगर या एक समान स्वीटनर जोड़ा जाएगा।,O O O O O O O O O O O B-PROD I-PROD O O O O O O
"बपतिस्मात्मक फ़ॉन्ट , जिसमें करूबों से तराशी गई एक कटोरी है , १८वीं सदी की है और एक बगीचे में एक सदी बिताई है .",B-PROD I-PROD O O O O O O O O O O O O O O O O O O O O O O O
"अधिकांश सधन चक रिकॉर्डिंग में दो डिस्क लगती हैं, अक्सर फिलर्स के साथ।",O B-PROD I-PROD O O O O O O O O O O
